date,county,state,confirmed_cases
2020-11-24,Autauga,Alabama,01001,2634,39,2352,35,282,4
2020-11-24,Baldwin,Alabama,01003,8269,84,6784,80,1485,4
2020-11-24,Barbour,Alabama,01005,1161,10,781,10,380,0
2020-11-24,Bibb,Alabama,01007,1142,17,1033,13,109,4




2020-11-24,Lincoln,Oklahoma,40081,1225,26,,26,,
2020-11-24,Logan,Oklahoma,40083,1295,3,,3,,
2020-11-24,Love,Oklahoma,40085,538,1,,1,,
2020-11-24,Major,Oklahoma,40093,430,2,,2,,
2020-11-24,Marshall,Oklahoma,40095,673,3,,3,,
2020-11-24,Mayes,Oklahoma,40097,1458,17,,17,,
2020-11-24,McClain,Oklahoma,40087,2247,16,,16,,
2020-11-24,McCurtain,Oklahoma,40089,2212,44,,44,,
2020-11-24,McIntosh,Oklahoma,40091,762,13,,13,,
2020-11-24,Murray,Oklahoma,40099,563,4,,4,,
2020-11-24,Muskogee,Oklahoma,40101,3936,30,,30,,
2020-11-24,Noble,Oklahoma,40103,446,4,,4,,
2020-11-24,Nowata,Oklahoma,40105,381,5,,5,,
2020-11-24,Okfuskee,Oklahoma,40107,911,13,,13,,
2020-11-24,Oklahoma,Oklahoma,40109,36199,281,,281,,
2020-11-24,Okmulgee,Oklahoma,40111,1692,20,,20,,
2020-11-24,Osage,Oklahoma,40113,1859,18,,18,,
2020-11-24,Ottawa,Oklahoma,40115,1638,22,,22,,
2020-11-24,Pawnee,Oklahoma,40117,534,6,,6,,
2020-11-24,Payne,Oklahoma,40119,3967,17,,17,,
2020-11-24,Pittsburg,Oklahoma,40121,1789,21,,21,,
2020-11-24,Pontotoc,Oklahoma,40123,1756,10,,10,,
2020-11-24,Pottawatomie,Oklahoma,40125,3227,23,,23,,
2020-11-24,Pushmataha,Oklahoma,40127,390,6,,6,,
2020-11-24,Roger Mills,Oklahoma,40129,144,5,,5,,
2020-11-24,Rogers,Oklahoma,40131,3758,63,,63,,
2020-11-24,Seminole,Oklahoma,40133,1168,11,,11,,
2020-11-24,Sequoyah,Oklahoma,40135,1731,14,,14,,
2020-11-24,Stephens,Oklahoma,40137,1466,15,,15,,
2020-11-24,Texas,Oklahoma,40139,2245,11,,11,,
2020-11-24,Tillman,Oklahoma,40141,291,5,,5,,
2020-11-24,Tulsa,Oklahoma,40143,30500,257,,257,,
2020-11-24,Unknown,Oklahoma,,65,0,,0,,
2020-11-24,Wagoner,Oklahoma,40145,2593,35,,35,,
2020-11-24,Washington,Oklahoma,40147,1873,44,,44,,
2020-11-24,Washita,Oklahoma,40149,334,2,,2,,
2020-11-24,Woods,Oklahoma,40151,438,1,,1,,
2020-11-24,Woodward,Oklahoma,40153,1728,7,,7,,
2020-11-24,Baker,Oregon,41001,259,3,188,3,71,0
2020-11-24,Benton,Oregon,41003,719,7,661,,58,
2020-11-24,Clackamas,Oregon,41005,5472,78,5465,78,7,
2020-11-24,Clatsop,Oregon,41007,335,0,324,,11,
2020-11-24,Columbia,Oregon,41009,438,3,400,,38,
2020-11-24,Coos,Oregon,41011,390,1,298,,92,
2020-11-24,Crook,Oregon,41013,198,6,157,,41,
2020-11-24,Curry,Oregon,41015,105,2,104,,1,
2020-11-24,Deschutes,Oregon,41017,1955,14,1839,,116,
2020-11-24,Douglas,Oregon,41019,822,15,756,,66,
2020-11-24,Gilliam,Oregon,41021,21,0,20,,1,
2020-11-24,Grant,Oregon,41023,123,1,84,,39,
2020-11-24,Harney,Oregon,41025,87,1,80,,7,
2020-11-24,Hood River,Oregon,41027,366,1,333,,33,
2020-11-24,Jackson,Oregon,41029,3436,23,3270,,166,
2020-11-24,Jefferson,Oregon,41031,773,11,716,,57,
2020-11-24,Josephine,Oregon,41033,443,4,391,,52,
2020-11-24,Klamath,Oregon,41035,685,4,675,,10,
2020-11-24,Lake,Oregon,41037,101,0,80,,21,
2020-11-24,Lane,Oregon,41039,3890,37,3667,,223,
2020-11-24,Lincoln,Oregon,41041,565,13,539,,26,
2020-11-24,Linn,Oregon,41043,1275,18,1170,,105,
2020-11-24,Malheur,Oregon,41045,2319,39,2254,39,65,0
2020-11-24,Marion,Oregon,41047,8436,130,8056,,380,
2020-11-24,Morrow,Oregon,41049,625,7,601,7,24,0
2020-11-24,Multnomah,Oregon,41051,15240,215,15233,215,7,
2020-11-24,Polk,Oregon,41053,1076,15,1004,,72,
2020-11-24,Sherman,Oregon,41055,23,0,20,,3,
2020-11-24,Tillamook,Oregon,41057,112,0,97,,15,
2020-11-24,Umatilla,Oregon,41059,4156,48,3940,48,216,0
2020-11-24,Union,Oregon,41061,717,2,678,2,39,0
2020-11-24,Wallowa,Oregon,41063,70,2,67,,3,
2020-11-24,Wasco,Oregon,41065,479,18,440,,39,
2020-11-24,Washington,Oregon,41067,9038,96,9034,96,4,0
2020-11-24,Wheeler,Oregon,41069,3,0,3,,0,
2020-11-24,Yamhill,Oregon,41071,1582,16,1582,16,0,0
2020-11-24,Adams,Pennsylvania,42001,1774,45,1725,,49,
2020-11-24,Allegheny,Pennsylvania,42003,24083,482,20807,467,3276,15
2020-11-24,Armstrong,Pennsylvania,42005,1536,37,1328,,208,
2020-11-24,Beaver,Pennsylvania,42007,3366,149,3120,,246,
2020-11-24,Bedford,Pennsylvania,42009,1228,15,953,,275,
2020-11-24,Berks,Pennsylvania,42011,12740,452,12362,,378,
2020-11-24,Blair,Pennsylvania,42013,3440,53,3032,,408,
2020-11-24,Bradford,Pennsylvania,42015,1679,30,1509,,170,
2020-11-24,Bucks,Pennsylvania,42017,15405,658,14483,550,922,108
2020-11-24,Butler,Pennsylvania,42019,3681,57,2685,,996,
2020-11-24,Cambria,Pennsylvania,42021,3359,41,2721,,638,
2020-11-24,Cameron,Pennsylvania,42023,19,0,17,,2,
2020-11-24,Carbon,Pennsylvania,42025,1076,45,1054,,22,
2020-11-24,Centre,Pennsylvania,42027,5765,35,5472,,293,
2020-11-24,Chester,Pennsylvania,42029,11080,392,10534,392,546,
2020-11-24,Clarion,Pennsylvania,42031,749,7,495,,254,
2020-11-24,Clearfield,Pennsylvania,42033,1246,10,1010,,236,
2020-11-24,Clinton,Pennsylvania,42035,543,10,476,,67,
2020-11-24,Columbia,Pennsylvania,42037,1367,46,1313,,54,
2020-11-24,Crawford,Pennsylvania,42039,1508,12,1194,,314,
2020-11-24,Cumberland,Pennsylvania,42041,4384,110,4008,,376,
2020-11-24,Dauphin,Pennsylvania,42043,7004,213,6793,,211,
2020-11-24,Delaware,Pennsylvania,42045,18604,842,17952,842,652,
2020-11-24,Elk,Pennsylvania,42047,442,3,376,,66,
2020-11-24,Erie,Pennsylvania,42049,4488,51,3913,,575,
2020-11-24,Fayette,Pennsylvania,42051,1717,17,1513,,204,
2020-11-24,Forest,Pennsylvania,42053,56,1,46,,10,
2020-11-24,Franklin,Pennsylvania,42055,3855,95,3723,,132,
2020-11-24,Fulton,Pennsylvania,42057,214,5,172,,42,
2020-11-24,Greene,Pennsylvania,42059,614,2,484,,130,
2020-11-24,Huntingdon,Pennsylvania,42061,1575,47,1423,,152,
2020-11-24,Indiana,Pennsylvania,42063,2194,31,1722,,472,
2020-11-24,Jefferson,Pennsylvania,42065,589,5,430,,159,
2020-11-24,Juniata,Pennsylvania,42067,621,12,596,,25,
2020-11-24,Lackawanna,Pennsylvania,42069,4770,230,4450,,320,
2020-11-24,Lancaster,Pennsylvania,42071,14416,506,14098,,318,
2020-11-24,Lawrence,Pennsylvania,42073,1872,64,1463,,409,
2020-11-24,Lebanon,Pennsylvania,42075,4763,103,4493,,270,
2020-11-24,Lehigh,Pennsylvania,42077,10059,379,9870,,189,
2020-11-24,Luzerne,Pennsylvania,42079,8396,250,7997,,399,
2020-11-24,Lycoming,Pennsylvania,42081,1755,35,1622,,133,
2020-11-24,McKean,Pennsylvania,42083,385,4,333,,52,
2020-11-24,Mercer,Pennsylvania,42085,2410,39,2044,,366,
2020-11-24,Mifflin,Pennsylvania,42087,1361,22,1301,,60,
2020-11-24,Monroe,Pennsylvania,42089,2931,138,2852,,79,
2020-11-24,Montgomery,Pennsylvania,42091,19851,923,19298,862,553,61
2020-11-24,Montour,Pennsylvania,42093,413,15,382,,31,
2020-11-24,Northampton,Pennsylvania,42095,7984,328,7690,,294,
2020-11-24,Northumberland,Pennsylvania,42097,2279,120,2114,,165,
2020-11-24,Perry,Pennsylvania,42099,591,9,543,,48,
2020-11-24,Philadelphia,Pennsylvania,42101,61498,1980,61498,1953,,27
2020-11-24,Pike,Pennsylvania,42103,802,23,750,,52,
2020-11-24,Potter,Pennsylvania,42105,152,3,140,,12,
2020-11-24,Schuylkill,Pennsylvania,42107,3474,159,3252,,222,
2020-11-24,Snyder,Pennsylvania,42109,871,20,769,,102,
2020-11-24,Somerset,Pennsylvania,42111,1472,9,1175,,297,
2020-11-24,Sullivan,Pennsylvania,42113,44,1,37,,7,
2020-11-24,Susquehanna,Pennsylvania,42115,560,32,519,,41,
2020-11-24,Tioga,Pennsylvania,42117,796,10,734,,62,
2020-11-24,Union,Pennsylvania,42119,1335,15,1268,,67,
2020-11-24,Venango,Pennsylvania,42121,748,8,579,,169,
2020-11-24,Warren,Pennsylvania,42123,165,1,143,,22,
2020-11-24,Washington,Pennsylvania,42125,3886,63,3073,,813,
2020-11-24,Wayne,Pennsylvania,42127,409,12,385,,24,
2020-11-24,Westmoreland,Pennsylvania,42129,7646,167,6020,134,1626,33
2020-11-24,Wyoming,Pennsylvania,42131,400,19,341,,59,
2020-11-24,York,Pennsylvania,42133,9755,235,9347,,408,
2020-11-24,Adjuntas,Puerto Rico,72001,232,,146,,86,
2020-11-24,Aguada,Puerto Rico,72003,619,,364,,255,
2020-11-24,Aguadilla,Puerto Rico,72005,813,,427,,386,
2020-11-24,Aguas Buenas,Puerto Rico,72007,490,,299,,191,
2020-11-24,Aibonito,Puerto Rico,72009,289,,143,,146,
2020-11-24,Anasco,Puerto Rico,72011,467,,262,,205,
2020-11-24,Arecibo,Puerto Rico,72013,1483,,871,,612,
2020-11-24,Arroyo,Puerto Rico,72015,237,,73,,164,
2020-11-24,Barceloneta,Puerto Rico,72017,427,,257,,170,
2020-11-24,Barranquitas,Puerto Rico,72019,792,,395,,397,
2020-11-24,Bayamon,Puerto Rico,72021,6143,,3748,,2395,
2020-11-24,Cabo Rojo,Puerto Rico,72023,614,,238,,376,
2020-11-24,Caguas,Puerto Rico,72025,3034,,1895,,1139,
2020-11-24,Camuy,Puerto Rico,72027,593,,357,,236,
2020-11-24,Canovanas,Puerto Rico,72029,1116,,650,,466,
2020-11-24,Carolina,Puerto Rico,72031,4993,,3271,,1722,
2020-11-24,Catano,Puerto Rico,72033,762,,438,,324,
2020-11-24,Cayey,Puerto Rico,72035,689,,335,,354,
2020-11-24,Ceiba,Puerto Rico,72037,231,,95,,136,
2020-11-24,Ciales,Puerto Rico,72039,464,,298,,166,
2020-11-24,Cidra,Puerto Rico,72041,580,,349,,231,
2020-11-24,Coamo,Puerto Rico,72043,525,,217,,308,
2020-11-24,Comerio,Puerto Rico,72045,376,,194,,182,
2020-11-24,Corozal,Puerto Rico,72047,1101,,556,,545,
2020-11-24,Culebra,Puerto Rico,72049,25,,20,,5,
2020-11-24,Dorado,Puerto Rico,72051,1401,,755,,646,
2020-11-24,Fajardo,Puerto Rico,72053,836,,366,,470,
2020-11-24,Florida,Puerto Rico,72054,492,,184,,308,
2020-11-24,Guanica,Puerto Rico,72055,193,,83,,110,
2020-11-24,Guayama,Puerto Rico,72057,506,,224,,282,
2020-11-24,Guayanilla,Puerto Rico,72059,298,,100,,198,
2020-11-24,Guaynabo,Puerto Rico,72061,2838,,1765,,1073,
2020-11-24,Gurabo,Puerto Rico,72063,1000,,627,,373,
2020-11-24,Hatillo,Puerto Rico,72065,571,,333,,238,
2020-11-24,Hormigueros,Puerto Rico,72067,267,,150,,117,
2020-11-24,Humacao,Puerto Rico,72069,964,,492,,472,
2020-11-24,Isabela,Puerto Rico,72071,574,,314,,260,
2020-11-24,Jayuya,Puerto Rico,72073,346,,113,,233,
2020-11-24,Juana Diaz,Puerto Rico,72075,612,,333,,279,
2020-11-24,Juncos,Puerto Rico,72077,782,,460,,322,
2020-11-24,Lajas,Puerto Rico,72079,254,,87,,167,
2020-11-24,Lares,Puerto Rico,72081,606,,254,,352,
2020-11-24,Las Marias,Puerto Rico,72083,149,,64,,85,
2020-11-24,Las Piedras,Puerto Rico,72085,829,,459,,370,
2020-11-24,Loiza,Puerto Rico,72087,504,,310,,194,
2020-11-24,Luquillo,Puerto Rico,72089,379,,198,,181,
2020-11-24,Manati,Puerto Rico,72091,957,,464,,493,
2020-11-24,Maricao,Puerto Rico,72093,99,,52,,47,
2020-11-24,Maunabo,Puerto Rico,72095,198,,83,,115,
2020-11-24,Mayaguez,Puerto Rico,72097,1246,,634,,612,
2020-11-24,Moca,Puerto Rico,72099,736,,420,,316,
2020-11-24,Morovis,Puerto Rico,72101,770,,491,,279,
2020-11-24,Naguabo,Puerto Rico,72103,464,,305,,159,
2020-11-24,Naranjito,Puerto Rico,72105,993,,504,,489,
2020-11-24,Orocovis,Puerto Rico,72107,510,,290,,220,
2020-11-24,Patillas,Puerto Rico,72109,248,,96,,152,
2020-11-24,Penuelas,Puerto Rico,72111,250,,135,,115,
2020-11-24,Ponce,Puerto Rico,72113,1587,,858,,729,
2020-11-24,Quebradillas,Puerto Rico,72115,380,,243,,137,
2020-11-24,Rincon,Puerto Rico,72117,288,,136,,152,
2020-11-24,Rio Grande,Puerto Rico,72119,1025,,601,,424,
2020-11-24,Sabana Grande,Puerto Rico,72121,264,,107,,157,
2020-11-24,Salinas,Puerto Rico,72123,690,,209,,481,
2020-11-24,San German,Puerto Rico,72125,388,,177,,211,
2020-11-24,San Juan,Puerto Rico,72127,12435,,8064,,4371,
2020-11-24,San Lorenzo,Puerto Rico,72129,895,,594,,301,
2020-11-24,San Sebastian,Puerto Rico,72131,1099,,447,,652,
2020-11-24,Santa Isabel,Puerto Rico,72133,344,,110,,234,
2020-11-24,Toa Alta,Puerto Rico,72135,2262,,1409,,853,
2020-11-24,Toa Baja,Puerto Rico,72137,2497,,1455,,1042,
2020-11-24,Trujillo Alto,Puerto Rico,72139,1974,,1274,,700,
2020-11-24,Unknown,Puerto Rico,,2681,,1358,,1323,
2020-11-24,Utuado,Puerto Rico,72141,404,,215,,189,
2020-11-24,Vega Alta,Puerto Rico,72143,1200,,674,,526,
2020-11-24,Vega Baja,Puerto Rico,72145,1575,,1043,,532,
2020-11-24,Vieques,Puerto Rico,72147,108,,25,,83,
2020-11-24,Villalba,Puerto Rico,72149,466,,319,,147,
2020-11-24,Yabucoa,Puerto Rico,72151,563,,272,,291,
2020-11-24,Yauco,Puerto Rico,72153,723,,290,,433,
2020-11-24,Bristol,Rhode Island,44001,1044,26,,15,,11
2020-11-24,Kent,Rhode Island,44003,4152,133,,93,,40
2020-11-24,Newport,Rhode Island,44005,1046,8,,6,,2
2020-11-24,Providence,Rhode Island,44007,31512,1008,,747,,261
2020-11-24,Unknown,Rhode Island,,10928,53,0,0,10928,53
2020-11-24,Washington,Rhode Island,44009,1891,81,,63,,18
2020-11-24,Abbeville,South Carolina,45001,914,22,784,17,130,5
2020-11-24,Aiken,South Carolina,45003,6103,98,5413,86,690,12
2020-11-24,Allendale,South Carolina,45005,442,9,439,9,3,0
2020-11-24,Anderson,South Carolina,45007,7579,221,7152,205,427,16
2020-11-24,Bamberg,South Carolina,45009,729,37,720,37,9,0
2020-11-24,Barnwell,South Carolina,45011,956,26,899,23,57,3
2020-11-24,Beaufort,South Carolina,45013,6910,94,6790,91,120,3
2020-11-24,Berkeley,South Carolina,45015,6936,103,6570,97,366,6
2020-11-24,Calhoun,South Carolina,45017,548,18,533,16,15,2
2020-11-24,Charleston,South Carolina,45019,19327,293,18339,270,988,23
2020-11-24,Cherokee,South Carolina,45021,2011,62,1945,60,66,2
2020-11-24,Chester,South Carolina,45023,1489,33,1442,32,47,1
2020-11-24,Chesterfield,South Carolina,45025,1696,52,1458,50,238,2
2020-11-24,Clarendon,South Carolina,45027,1333,69,1297,67,36,2
2020-11-24,Colleton,South Carolina,45029,1454,49,1375,48,79,1
2020-11-24,Darlington,South Carolina,45031,2918,71,2442,67,476,4
2020-11-24,Dillon,South Carolina,45033,1489,52,1409,48,80,4
2020-11-24,Dorchester,South Carolina,45035,5589,109,5034,101,555,8
2020-11-24,Edgefield,South Carolina,45037,1138,22,1078,17,60,5
2020-11-24,Fairfield,South Carolina,45039,1020,43,972,41,48,2
2020-11-24,Florence,South Carolina,45041,6423,211,6103,210,320,1
2020-11-24,Georgetown,South Carolina,45043,2698,65,2176,45,522,20
2020-11-24,Greenville,South Carolina,45045,22537,396,22133,370,404,26
2020-11-24,Greenwood,South Carolina,45047,2957,81,2811,73,146,8
2020-11-24,Hampton,South Carolina,45049,846,32,810,31,36,1
2020-11-24,Horry,South Carolina,45051,14274,264,13059,225,1215,39
2020-11-24,Jasper,South Carolina,45053,1044,23,1027,22,17,1
2020-11-24,Kershaw,South Carolina,45055,2868,62,2664,56,204,6
2020-11-24,Lancaster,South Carolina,45057,3330,64,3120,59,210,5
2020-11-24,Laurens,South Carolina,45059,2372,67,2312,65,60,2
2020-11-24,Lee,South Carolina,45061,861,37,809,36,52,1
2020-11-24,Lexington,South Carolina,45063,10927,227,10013,220,914,7
2020-11-24,Marion,South Carolina,45067,1289,46,1211,42,78,4
2020-11-24,Marlboro,South Carolina,45069,1350,16,1226,14,124,2
2020-11-24,McCormick,South Carolina,45065,326,7,300,6,26,1
2020-11-24,Newberry,South Carolina,45071,2046,62,1836,56,210,6
2020-11-24,Oconee,South Carolina,45073,3076,40,3011,37,65,3
2020-11-24,Orangeburg,South Carolina,45075,3694,132,3614,131,80,1
2020-11-24,Pickens,South Carolina,45077,5996,81,5819,73,177,8
2020-11-24,Richland,South Carolina,45079,19796,295,18250,277,1546,18
2020-11-24,Saluda,South Carolina,45081,787,25,753,21,34,4
2020-11-24,Spartanburg,South Carolina,45083,11714,266,10861,248,853,18
2020-11-24,Sumter,South Carolina,45085,4067,98,3973,94,94,4
2020-11-24,Union,South Carolina,45087,999,26,931,25,68,1
2020-11-24,Williamsburg,South Carolina,45089,1599,50,1420,39,179,11
2020-11-24,York,South Carolina,45091,9095,132,8569,130,526,2
2020-11-24,Aurora,South Dakota,46003,339,3,262,,77,
2020-11-24,Beadle,South Dakota,46005,2166,25,1978,,188,
2020-11-24,Bennett,South Dakota,46007,304,5,272,,32,
2020-11-24,Bon Homme,South Dakota,46009,1320,14,1301,,19,
2020-11-24,Brookings,South Dakota,46011,2271,16,2208,,63,
2020-11-24,Brown,South Dakota,46013,3321,17,3224,,97,
2020-11-24,Brule,South Dakota,46015,532,5,510,,22,
2020-11-24,Buffalo,South Dakota,46017,360,6,355,,5,
2020-11-24,Butte,South Dakota,46019,659,13,571,,88,
2020-11-24,Campbell,South Dakota,46021,100,1,97,,3,
2020-11-24,Charles Mix,South Dakota,46023,774,4,737,,37,
2020-11-24,Clark,South Dakota,46025,226,1,215,,11,
2020-11-24,Clay,South Dakota,46027,1245,9,1179,,66,
2020-11-24,Codington,South Dakota,46029,2482,39,2378,,104,
2020-11-24,Corson,South Dakota,46031,350,4,329,,21,
2020-11-24,Custer,South Dakota,46033,494,7,474,,20,
2020-11-24,Davison,South Dakota,46035,2247,29,2141,,106,
2020-11-24,Day,South Dakota,46037,320,5,301,,19,
2020-11-24,Deuel,South Dakota,46039,283,2,277,,6,
2020-11-24,Dewey,South Dakota,46041,739,3,729,,10,
2020-11-24,Douglas,South Dakota,46043,276,5,267,,9,
2020-11-24,Edmunds,South Dakota,46045,228,2,220,,8,
2020-11-24,Fall River,South Dakota,46047,346,8,330,,16,
2020-11-24,Faulk,South Dakota,46049,273,8,131,,142,
2020-11-24,Grant,South Dakota,46051,553,5,527,,26,
2020-11-24,Gregory,South Dakota,46053,411,17,409,,2,
2020-11-24,Haakon,South Dakota,46055,133,3,105,,28,
2020-11-24,Hamlin,South Dakota,46057,435,2,371,,64,
2020-11-24,Hand,South Dakota,46059,272,1,252,,20,
2020-11-24,Hanson,South Dakota,46061,222,1,206,,16,
2020-11-24,Harding,South Dakota,46063,66,0,63,,3,
2020-11-24,Hughes,South Dakota,46065,1548,17,1414,,134,
2020-11-24,Hutchinson,South Dakota,46067,513,5,480,,33,
2020-11-24,Hyde,South Dakota,46069,112,0,100,,12,
2020-11-24,Jackson,South Dakota,46071,186,6,170,,16,
2020-11-24,Jerauld,South Dakota,46073,231,13,148,,83,
2020-11-24,Jones,South Dakota,46075,56,0,55,,1,
2020-11-24,Kingsbury,South Dakota,46077,407,8,303,,104,
2020-11-24,Lake,South Dakota,46079,781,10,726,,55,
2020-11-24,Lawrence,South Dakota,46081,1834,21,1650,,184,
2020-11-24,Lincoln,South Dakota,46083,5033,46,4882,,151,
2020-11-24,Lyman,South Dakota,46085,428,8,417,,11,
2020-11-24,Marshall,South Dakota,46091,151,3,150,,1,
2020-11-24,McCook,South Dakota,46087,561,11,526,,35,
2020-11-24,McPherson,South Dakota,46089,136,1,126,,10,
2020-11-24,Meade,South Dakota,46093,1589,13,1447,,142,
2020-11-24,Mellette,South Dakota,46095,158,1,144,,14,
2020-11-24,Miner,South Dakota,46097,181,4,134,,47,
2020-11-24,Minnehaha,South Dakota,46099,18938,162,18657,,281,
2020-11-24,Moody,South Dakota,46101,389,10,367,,22,
2020-11-24,Oglala Lakota,South Dakota,46102,1539,20,1497,,42,
2020-11-24,Pennington,South Dakota,46103,7843,66,6686,,1157,
2020-11-24,Perkins,South Dakota,46105,170,2,151,,19,
2020-11-24,Potter,South Dakota,46107,247,1,216,,31,
2020-11-24,Roberts,South Dakota,46109,655,17,608,,47,
2020-11-24,Sanborn,South Dakota,46111,242,1,173,,69,
2020-11-24,Spink,South Dakota,46115,515,12,440,,75,
2020-11-24,Stanley,South Dakota,46117,216,0,188,,28,
2020-11-24,Sully,South Dakota,46119,86,3,76,,10,
2020-11-24,Todd,South Dakota,46121,846,12,823,,23,
2020-11-24,Tripp,South Dakota,46123,458,2,445,,13,
2020-11-24,Turner,South Dakota,46125,757,36,485,,272,
2020-11-24,Union,South Dakota,46127,1171,23,1068,,103,
2020-11-24,Walworth,South Dakota,46129,445,11,407,,38,
2020-11-24,Yankton,South Dakota,46135,1520,8,1483,,37,
2020-11-24,Ziebach,South Dakota,46137,159,6,156,,3,
2020-11-24,Anderson,Tennessee,47001,2737,25,2558,,179,
2020-11-24,Bedford,Tennessee,47003,2544,28,2308,,236,
2020-11-24,Benton,Tennessee,47005,761,14,716,,45,
2020-11-24,Bledsoe,Tennessee,47007,1142,5,1127,,15,
2020-11-24,Blount,Tennessee,47009,5123,56,4899,,224,
2020-11-24,Bradley,Tennessee,47011,4832,33,4471,,361,
2020-11-24,Campbell,Tennessee,47013,1476,21,1180,,296,
2020-11-24,Cannon,Tennessee,47015,707,2,647,,60,
2020-11-24,Carroll,Tennessee,47017,1647,32,1328,,319,
2020-11-24,Carter,Tennessee,47019,2534,53,2348,,186,
2020-11-24,Cheatham,Tennessee,47021,1494,16,1401,,93,
2020-11-24,Chester,Tennessee,47023,988,19,774,,214,
2020-11-24,Claiborne,Tennessee,47025,755,9,624,,131,
2020-11-24,Clay,Tennessee,47027,525,18,391,,134,
2020-11-24,Cocke,Tennessee,47029,1549,28,1321,,228,
2020-11-24,Coffee,Tennessee,47031,2630,41,2131,,499,
2020-11-24,Crockett,Tennessee,47033,1110,25,793,,317,
2020-11-24,Cumberland,Tennessee,47035,2423,35,2299,,124,
2020-11-24,Davidson,Tennessee,47037,43395,407,42653,,742,
2020-11-24,Decatur,Tennessee,47039,915,12,731,,184,
2020-11-24,DeKalb,Tennessee,47041,1089,20,939,,150,
2020-11-24,Dickson,Tennessee,47043,2728,27,2214,,514,
2020-11-24,Dyer,Tennessee,47045,3086,49,2434,,652,
2020-11-24,Fayette,Tennessee,47047,2144,37,2044,,100,
2020-11-24,Fentress,Tennessee,47049,1171,19,1045,,126,
2020-11-24,Franklin,Tennessee,47051,1936,32,1776,,160,
2020-11-24,Gibson,Tennessee,47053,3011,61,2110,,901,
2020-11-24,Giles,Tennessee,47055,1356,43,1281,,75,
2020-11-24,Grainger,Tennessee,47057,923,15,775,,148,
2020-11-24,Greene,Tennessee,47059,2859,71,2607,,252,
2020-11-24,Grundy,Tennessee,47061,742,14,685,,57,
2020-11-24,Hamblen,Tennessee,47063,3315,57,2918,,397,
2020-11-24,Hamilton,Tennessee,47065,16681,136,14775,135,1906,1
2020-11-24,Hancock,Tennessee,47067,147,3,127,,20,
2020-11-24,Hardeman,Tennessee,47069,2210,37,2037,,173,
2020-11-24,Hardin,Tennessee,47071,1718,25,1375,,343,
2020-11-24,Hawkins,Tennessee,47073,1814,34,1669,,145,
2020-11-24,Haywood,Tennessee,47075,1596,29,1439,,157,
2020-11-24,Henderson,Tennessee,47077,1787,30,1404,,383,
2020-11-24,Henry,Tennessee,47079,1446,17,1304,,142,
2020-11-24,Hickman,Tennessee,47081,1115,17,996,,119,
2020-11-24,Houston,Tennessee,47083,573,19,475,,98,
2020-11-24,Humphreys,Tennessee,47085,653,7,502,,151,
2020-11-24,Jackson,Tennessee,47087,660,10,517,,143,
2020-11-24,Jefferson,Tennessee,47089,2153,31,1819,,334,
2020-11-24,Johnson,Tennessee,47091,1376,21,1298,,78,
2020-11-24,Knox,Tennessee,47093,18017,152,17081,152,936,
2020-11-24,Lake,Tennessee,47095,1151,5,1096,,55,
2020-11-24,Lauderdale,Tennessee,47097,2003,21,1674,,329,
2020-11-24,Lawrence,Tennessee,47099,2507,32,2257,,250,
2020-11-24,Lewis,Tennessee,47101,715,14,685,,30,
2020-11-24,Lincoln,Tennessee,47103,1463,13,1259,,204,
2020-11-24,Loudon,Tennessee,47105,2184,18,2098,,86,
2020-11-24,Macon,Tennessee,47111,1764,27,1631,,133,
2020-11-24,Madison,Tennessee,47113,5108,105,3339,,1769,
2020-11-24,Marion,Tennessee,47115,1039,17,993,,46,
2020-11-24,Marshall,Tennessee,47117,1653,17,1612,,41,
2020-11-24,Maury,Tennessee,47119,5549,58,5414,,135,
2020-11-24,McMinn,Tennessee,47107,2343,55,2244,,99,
2020-11-24,McNairy,Tennessee,47109,1376,32,1089,,287,
2020-11-24,Meigs,Tennessee,47121,461,12,447,,14,
2020-11-24,Monroe,Tennessee,47123,1990,42,1909,,81,
2020-11-24,Montgomery,Tennessee,47125,6223,81,5422,,801,
2020-11-24,Moore,Tennessee,47127,369,2,308,,61,
2020-11-24,Morgan,Tennessee,47129,672,6,613,,59,
2020-11-24,Obion,Tennessee,47131,2522,47,2049,,473,
2020-11-24,Overton,Tennessee,47133,1505,34,1253,,252,
2020-11-24,Perry,Tennessee,47135,460,20,427,,33,
2020-11-24,Pickett,Tennessee,47137,366,12,253,,113,
2020-11-24,Polk,Tennessee,47139,632,14,596,,36,
2020-11-24,Putnam,Tennessee,47141,5743,79,5056,,687,
2020-11-24,Rhea,Tennessee,47143,1571,30,1488,,83,
2020-11-24,Roane,Tennessee,47145,2204,24,2110,,94,
2020-11-24,Robertson,Tennessee,47147,3573,51,3453,,120,
2020-11-24,Rutherford,Tennessee,47149,16907,150,16404,,503,
2020-11-24,Scott,Tennessee,47151,958,7,709,,249,
2020-11-24,Sequatchie,Tennessee,47153,496,5,481,,15,
2020-11-24,Sevier,Tennessee,47155,4681,31,4491,,190,
2020-11-24,Shelby,Tennessee,47157,45952,637,44726,598,1226,39
2020-11-24,Smith,Tennessee,47159,1383,19,1240,,143,
2020-11-24,Stewart,Tennessee,47161,554,14,479,,75,
2020-11-24,Sullivan,Tennessee,47163,6093,89,5570,,523,
2020-11-24,Sumner,Tennessee,47165,9141,134,8954,,187,
2020-11-24,Tipton,Tennessee,47167,3487,36,2934,,553,
2020-11-24,Trousdale,Tennessee,47169,1894,12,1869,,25,
2020-11-24,Unicoi,Tennessee,47171,785,25,681,,104,
2020-11-24,Union,Tennessee,47173,691,5,624,,67,
2020-11-24,Unknown,Tennessee,,389,2,389,,0,
2020-11-24,Van Buren,Tennessee,47175,342,2,311,,31,
2020-11-24,Warren,Tennessee,47177,2270,18,2063,,207,
2020-11-24,Washington,Tennessee,47179,5596,100,5233,,363,
2020-11-24,Wayne,Tennessee,47181,1808,10,1748,,60,
2020-11-24,Weakley,Tennessee,47183,2077,34,1804,,273,
2020-11-24,White,Tennessee,47185,1675,17,1494,,181,
2020-11-24,Williamson,Tennessee,47187,10664,73,10172,,492,
2020-11-24,Wilson,Tennessee,47189,7055,74,6819,,236,
2020-11-24,Anderson,Texas,48001,3118,46,3118,,,
2020-11-24,Andrews,Texas,48003,977,13,977,,,
2020-11-24,Angelina,Texas,48005,3501,97,2555,66,946,31
2020-11-24,Aransas,Texas,48007,393,18,393,,,
2020-11-24,Archer,Texas,48009,231,2,231,,,
2020-11-24,Armstrong,Texas,48011,42,1,42,,,
2020-11-24,Atascosa,Texas,48013,1417,39,1417,1,,38
2020-11-24,Austin,Texas,48015,571,11,571,,,
2020-11-24,Bailey,Texas,48017,454,6,454,,,
2020-11-24,Bandera,Texas,48019,223,11,223,,,
2020-11-24,Bastrop,Texas,48021,2221,35,2221,2,,33
2020-11-24,Baylor,Texas,48023,52,4,52,,,
2020-11-24,Bee,Texas,48025,1982,40,1982,,,
2020-11-24,Bell,Texas,48027,8112,112,8112,112,,0
2020-11-24,Bexar,Texas,48029,74603,1476,61883,1335,12720,141
2020-11-24,Blanco,Texas,48031,178,6,178,,,
2020-11-24,Borden,Texas,48033,5,0,5,,,
2020-11-24,Bosque,Texas,48035,507,15,507,,,
2020-11-24,Bowie,Texas,48037,2491,97,2491,97,,0
2020-11-24,Brazoria,Texas,48039,13857,196,13857,166,,30
2020-11-24,Brazos,Texas,48041,10655,102,9157,84,1498,18
2020-11-24,Brewster,Texas,48043,444,6,444,,,
2020-11-24,Briscoe,Texas,48045,39,1,39,,,
2020-11-24,Brooks,Texas,48047,389,25,389,,,
2020-11-24,Brown,Texas,48049,1618,40,908,40,710,
2020-11-24,Burleson,Texas,48051,629,8,629,,,
2020-11-24,Burnet,Texas,48053,1328,18,1328,,,
2020-11-24,Caldwell,Texas,48055,1824,39,1824,39,,0
2020-11-24,Calhoun,Texas,48057,973,9,973,3,,6
2020-11-24,Callahan,Texas,48059,197,8,197,1,,7
2020-11-24,Cameron,Texas,48061,25701,1112,25701,1112,,
2020-11-24,Camp,Texas,48063,441,15,441,,,
2020-11-24,Carson,Texas,48065,87,2,87,,,
2020-11-24,Cass,Texas,48067,720,33,720,3,,30
2020-11-24,Castro,Texas,48069,439,8,439,1,,7
2020-11-24,Chambers,Texas,48071,1876,22,1876,22,,
2020-11-24,Cherokee,Texas,48073,1726,51,1726,2,,49
2020-11-24,Childress,Texas,48075,812,0,812,,,
2020-11-24,Clay,Texas,48077,244,6,244,,,
2020-11-24,Cochran,Texas,48079,148,4,148,,,
2020-11-24,Coke,Texas,48081,165,9,165,,,
2020-11-24,Coleman,Texas,48083,173,5,173,,,
2020-11-24,Collin,Texas,48085,23784,239,23784,105,,134
2020-11-24,Collingsworth,Texas,48087,38,0,38,,,
2020-11-24,Colorado,Texas,48089,580,4,580,,,
2020-11-24,Comal,Texas,48091,4355,125,3125,125,1230,
2020-11-24,Comanche,Texas,48093,421,6,421,1,,5
2020-11-24,Concho,Texas,48095,181,2,181,,,
2020-11-24,Cooke,Texas,48097,715,13,715,,,
2020-11-24,Coryell,Texas,48099,2310,16,2310,2,,14
2020-11-24,Cottle,Texas,48101,52,4,52,1,,3
2020-11-24,Crane,Texas,48103,162,7,162,,,
2020-11-24,Crockett,Texas,48105,211,7,211,,,
2020-11-24,Crosby,Texas,48107,165,14,165,1,,13
2020-11-24,Culberson,Texas,48109,181,3,181,,,
2020-11-24,Dallam,Texas,48111,426,14,426,,,
2020-11-24,Dallas,Texas,48113,130727,1468,119483,1191,11244,277
2020-11-24,Dawson,Texas,48115,1147,33,1147,1,,32
2020-11-24,Deaf Smith,Texas,48117,1660,37,1660,37,,0
2020-11-24,Delta,Texas,48119,46,1,46,,,
2020-11-24,Denton,Texas,48121,21937,202,18714,,3223,
2020-11-24,DeWitt,Texas,48123,1193,44,1193,1,,43
2020-11-24,Dickens,Texas,48125,65,4,65,,,
2020-11-24,Dimmit,Texas,48127,341,8,341,,,
2020-11-24,Donley,Texas,48129,107,1,107,,,
2020-11-24,Duval,Texas,48131,588,22,588,,,
2020-11-24,Eastland,Texas,48133,338,9,338,,,
2020-11-24,Ector,Texas,48135,8206,130,4864,130,3342,
2020-11-24,Edwards,Texas,48137,81,2,81,,,
2020-11-24,Ellis,Texas,48139,6107,107,6107,12,,95
2020-11-24,El Paso,Texas,48141,81511,980,81511,862,,118
2020-11-24,Erath,Texas,48143,1251,19,1251,1,,18
2020-11-24,Falls,Texas,48145,772,14,772,,,
2020-11-24,Fannin,Texas,48147,948,27,948,2,,25
2020-11-24,Fayette,Texas,48149,585,23,585,2,,21
2020-11-24,Fisher,Texas,48151,145,4,145,1,,3
2020-11-24,Floyd,Texas,48153,182,16,182,,,
2020-11-24,Foard,Texas,48155,25,1,25,,,
2020-11-24,Fort Bend,Texas,48157,20821,325,19580,276,1241,49
2020-11-24,Franklin,Texas,48159,245,10,245,,,
2020-11-24,Freestone,Texas,48161,501,11,501,,,
2020-11-24,Frio,Texas,48163,1084,9,1084,,,
2020-11-24,Gaines,Texas,48165,870,15,870,,,
2020-11-24,Galveston,Texas,48167,14259,178,14259,158,,20
2020-11-24,Garza,Texas,48169,159,14,159,,,
2020-11-24,Gillespie,Texas,48171,443,10,443,,,
2020-11-24,Glasscock,Texas,48173,34,0,34,,,
2020-11-24,Goliad,Texas,48175,177,6,177,,,
2020-11-24,Gonzales,Texas,48177,1208,24,1208,2,,22
2020-11-24,Gray,Texas,48179,1201,20,1201,2,,18
2020-11-24,Grayson,Texas,48181,3921,99,3921,2,,97
2020-11-24,Gregg,Texas,48183,4768,108,3170,65,1598,43
2020-11-24,Grimes,Texas,48185,1335,38,1335,1,,37
2020-11-24,Guadalupe,Texas,48187,4145,83,4145,,,
2020-11-24,Hale,Texas,48189,3790,86,3790,75,,11
2020-11-24,Hall,Texas,48191,76,3,76,,,
2020-11-24,Hamilton,Texas,48193,278,7,278,1,,6
2020-11-24,Hansford,Texas,48195,226,9,226,2,,7
2020-11-24,Hardeman,Texas,48197,77,4,77,0,,4
2020-11-24,Hardin,Texas,48199,1578,40,1578,5,,35
2020-11-24,Harris,Texas,48201,183252,2965,183252,2398,,567
2020-11-24,Harrison,Texas,48203,1717,44,1218,35,499,9
2020-11-24,Hartley,Texas,48205,204,2,204,2,,
2020-11-24,Haskell,Texas,48207,95,3,95,,,
2020-11-24,Hays,Texas,48209,7892,99,7042,87,850,12
2020-11-24,Hemphill,Texas,48211,234,1,234,,,
2020-11-24,Henderson,Texas,48213,2399,57,1747,44,652,13
2020-11-24,Hidalgo,Texas,48215,40085,2030,40085,2030,,
2020-11-24,Hill,Texas,48217,1150,18,1150,1,,17
2020-11-24,Hockley,Texas,48219,1234,44,1234,1,,43
2020-11-24,Hood,Texas,48221,1472,45,1472,3,,42
2020-11-24,Hopkins,Texas,48223,798,51,798,,,
2020-11-24,Houston,Texas,48225,546,15,546,,,
2020-11-24,Howard,Texas,48227,1662,34,1662,1,,33
2020-11-24,Hudspeth,Texas,48229,154,3,154,,,
2020-11-24,Hunt,Texas,48231,2636,56,2636,3,,53
2020-11-24,Hutchinson,Texas,48233,608,18,608,,,
2020-11-24,Irion,Texas,48235,17,0,17,,,
2020-11-24,Jack,Texas,48237,215,3,215,,,
2020-11-24,Jackson,Texas,48239,767,16,767,1,,15
2020-11-24,Jasper,Texas,48241,541,35,541,2,,33
2020-11-24,Jeff Davis,Texas,48243,44,0,44,,,
2020-11-24,Jefferson,Texas,48245,9804,173,9804,30,,143
2020-11-24,Jim Hogg,Texas,48247,206,7,206,,,
2020-11-24,Jim Wells,Texas,48249,1944,56,1944,,,
2020-11-24,Johnson,Texas,48251,4907,94,4842,13,65,81
2020-11-24,Jones,Texas,48253,1596,8,1596,,,
2020-11-24,Karnes,Texas,48255,993,18,993,,,
2020-11-24,Kaufman,Texas,48257,4315,76,4315,2,,74
2020-11-24,Kendall,Texas,48259,483,12,483,,,
2020-11-24,Kenedy,Texas,48261,11,2,11,,,
2020-11-24,Kent,Texas,48263,23,1,23,,,
2020-11-24,Kerr,Texas,48265,870,20,870,,,
2020-11-24,Kimble,Texas,48267,83,2,83,,,
2020-11-24,King,Texas,48269,1,0,1,,,
2020-11-24,Kinney,Texas,48271,85,2,85,,,
2020-11-24,Kleberg,Texas,48273,1175,54,1175,1,,53
2020-11-24,Knox,Texas,48275,117,9,117,,,
2020-11-24,Lamar,Texas,48277,2385,66,2385,9,,57
2020-11-24,Lamb,Texas,48279,914,37,914,,,
2020-11-24,Lampasas,Texas,48281,363,10,363,,,
2020-11-24,La Salle,Texas,48283,389,14,389,,,
2020-11-24,Lavaca,Texas,48285,1333,40,1333,1,,39
2020-11-24,Lee,Texas,48287,282,15,282,,,
2020-11-24,Leon,Texas,48289,427,14,427,,,
2020-11-24,Liberty,Texas,48291,2435,65,2435,3,,62
2020-11-24,Limestone,Texas,48293,764,18,764,1,,17
2020-11-24,Lipscomb,Texas,48295,120,1,120,,,
2020-11-24,Live Oak,Texas,48297,419,10,419,,,
2020-11-24,Llano,Texas,48299,272,4,272,,,
2020-11-24,Loving,Texas,48301,1,0,1,,,
2020-11-24,Lubbock,Texas,48303,29378,307,28873,307,505,
2020-11-24,Lynn,Texas,48305,313,10,313,1,,9
2020-11-24,Madison,Texas,48313,859,12,859,,,
2020-11-24,Marion,Texas,48315,182,15,182,,,
2020-11-24,Martin,Texas,48317,184,7,184,1,,6
2020-11-24,Mason,Texas,48319,135,2,135,,,
2020-11-24,Matagorda,Texas,48321,1226,59,1226,5,,54
2020-11-24,Maverick,Texas,48323,4740,171,4740,1,,170
2020-11-24,McCulloch,Texas,48307,280,6,280,,,
2020-11-24,McLennan,Texas,48309,13630,181,13630,181,,
2020-11-24,McMullen,Texas,48311,27,1,27,,,
2020-11-24,Medina,Texas,48325,1376,48,1376,2,,46
2020-11-24,Menard,Texas,48327,107,3,107,,,
2020-11-24,Midland,Texas,48329,7027,132,7027,132,,
2020-11-24,Milam,Texas,48331,615,9,615,1,,8
2020-11-24,Mills,Texas,48333,129,4,129,,,
2020-11-24,Mitchell,Texas,48335,304,6,304,,,
2020-11-24,Montague,Texas,48337,511,14,511,1,,13
2020-11-24,Montgomery,Texas,48339,16549,205,14815,169,1734,36
2020-11-24,Moore,Texas,48341,1579,29,1579,13,,16
2020-11-24,Morris,Texas,48343,265,8,265,,,
2020-11-24,Motley,Texas,48345,19,0,19,,,
2020-11-24,Nacogdoches,Texas,48347,1928,81,1928,17,,64
2020-11-24,Navarro,Texas,48349,2528,45,1759,45,769,
2020-11-24,Newton,Texas,48351,195,16,195,,,
2020-11-24,Nolan,Texas,48353,655,8,655,,,
2020-11-24,Nueces,Texas,48355,23388,470,17413,470,5975,
2020-11-24,Ochiltree,Texas,48357,494,6,494,2,,4
2020-11-24,Oldham,Texas,48359,36,2,36,1,,1
2020-11-24,Orange,Texas,48361,2495,51,2495,2,,49
2020-11-24,Palo Pinto,Texas,48363,891,30,891,2,,28
2020-11-24,Panola,Texas,48365,523,34,523,,,
2020-11-24,Parker,Texas,48367,3449,63,3449,1,,62
2020-11-24,Parmer,Texas,48369,674,22,674,,,
2020-11-24,Pecos,Texas,48371,700,16,700,,,
2020-11-24,Polk,Texas,48373,1537,42,997,41,540,1
2020-11-24,Potter,Texas,48375,11768,159,11768,159,,
2020-11-24,Presidio,Texas,48377,275,7,275,,,
2020-11-24,Rains,Texas,48379,315,8,160,6,155,2
2020-11-24,Randall,Texas,48381,9702,101,9702,101,,
2020-11-24,Reagan,Texas,48383,163,6,163,,,
2020-11-24,Real,Texas,48385,130,8,130,,,
2020-11-24,Red River,Texas,48387,219,18,219,4,,14
2020-11-24,Reeves,Texas,48389,477,11,477,,,
2020-11-24,Refugio,Texas,48391,339,16,339,,,
2020-11-24,Roberts,Texas,48393,24,0,24,,,
2020-11-24,Robertson,Texas,48395,489,6,489,,,
2020-11-24,Rockwall,Texas,48397,2555,36,2555,34,,2
2020-11-24,Runnels,Texas,48399,335,11,335,,,
2020-11-24,Rusk,Texas,48401,1178,30,1178,2,,28
2020-11-24,Sabine,Texas,48403,121,10,121,,,
2020-11-24,San Augustine,Texas,48405,345,17,260,12,85,5
2020-11-24,San Jacinto,Texas,48407,251,14,251,,,
2020-11-24,San Patricio,Texas,48409,1819,84,1819,,,
2020-11-24,San Saba,Texas,48411,295,6,295,,,
2020-11-24,Schleicher,Texas,48413,109,2,109,,,
2020-11-24,Scurry,Texas,48415,1488,21,1488,,,
2020-11-24,Shackelford,Texas,48417,47,0,47,,,
2020-11-24,Shelby,Texas,48419,597,36,597,6,,30
2020-11-24,Sherman,Texas,48421,88,1,88,,,
2020-11-24,Smith,Texas,48423,9139,192,5754,132,3385,60
2020-11-24,Somervell,Texas,48425,228,5,228,,,
2020-11-24,Starr,Texas,48427,4276,188,4276,188,,0
2020-11-24,Stephens,Texas,48429,228,7,228,,,
2020-11-24,Sterling,Texas,48431,33,1,33,,,
2020-11-24,Stonewall,Texas,48433,24,1,24,,,
2020-11-24,Sutton,Texas,48435,200,3,200,,,
2020-11-24,Swisher,Texas,48437,239,8,239,,,
2020-11-24,Tarrant,Texas,48439,92977,987,82586,830,10391,157
2020-11-24,Taylor,Texas,48441,7376,103,3319,103,4057,0
2020-11-24,Terrell,Texas,48443,13,0,13,,,
2020-11-24,Terry,Texas,48445,890,20,890,,,
2020-11-24,Throckmorton,Texas,48447,23,2,23,,,
2020-11-24,Titus,Texas,48449,1748,40,1748,14,,26
2020-11-24,Tom Green,Texas,48451,8389,101,3249,16,5140,85
2020-11-24,Travis,Texas,48453,36754,476,36754,476,,
2020-11-24,Trinity,Texas,48455,225,8,225,,,
2020-11-24,Tyler,Texas,48457,295,4,295,,,
2020-11-24,Upshur,Texas,48459,592,20,592,,,
2020-11-24,Upton,Texas,48461,44,5,44,,,
2020-11-24,Uvalde,Texas,48463,1069,38,1069,,,
2020-11-24,Val Verde,Texas,48465,2932,138,2932,113,,25
2020-11-24,Van Zandt,Texas,48467,1582,44,1053,33,529,11
2020-11-24,Victoria,Texas,48469,4780,102,4780,62,,40
2020-11-24,Walker,Texas,48471,4142,68,4142,27,,41
2020-11-24,Waller,Texas,48473,1113,18,1113,,,
2020-11-24,Ward,Texas,48475,365,4,365,,,
2020-11-24,Washington,Texas,48477,915,53,915,34,,19
2020-11-24,Webb,Texas,48479,18886,389,18886,389,,
2020-11-24,Wharton,Texas,48481,1589,64,1589,,,
2020-11-24,Wheeler,Texas,48483,210,5,210,,,
2020-11-24,Wichita,Texas,48485,6461,104,6461,2,,102
2020-11-24,Wilbarger,Texas,48487,593,10,593,,,
2020-11-24,Willacy,Texas,48489,1321,59,1321,1,,58
2020-11-24,Williamson,Texas,48491,13215,164,11935,162,1280,2
2020-11-24,Wilson,Texas,48493,1080,28,1080,5,,23
2020-11-24,Winkler,Texas,48495,269,5,269,,,
2020-11-24,Wise,Texas,48497,1418,30,1418,3,,27
2020-11-24,Wood,Texas,48499,853,48,853,1,,47
2020-11-24,Yoakum,Texas,48501,579,10,579,,,
2020-11-24,Young,Texas,48503,810,18,810,1,,17
2020-11-24,Zapata,Texas,48505,454,9,454,,,
2020-11-24,Zavala,Texas,48507,669,22,669,10,,12
2020-11-24,Beaver,Utah,49001,149,2,149,2,,
2020-11-24,Box Elder,Utah,49003,1994,11,1994,11,,
2020-11-24,Cache,Utah,49005,7095,14,7095,14,,
2020-11-24,Carbon,Utah,49007,673,3,673,3,,
2020-11-24,Daggett,Utah,49009,3,0,3,0,,
2020-11-24,Davis,Utah,49011,15002,57,,,,
2020-11-24,Duchesne,Utah,49013,456,2,456,2,,
2020-11-24,Emery,Utah,49015,266,4,266,4,,
2020-11-24,Garfield,Utah,49017,229,6,229,6,,
2020-11-24,Grand,Utah,49019,274,1,274,1,,
2020-11-24,Iron,Utah,49021,1592,4,1592,4,,
2020-11-24,Juab,Utah,49023,423,8,423,8,,
2020-11-24,Kane,Utah,49025,153,1,153,1,,0
2020-11-24,Millard,Utah,49027,410,1,410,1,,
2020-11-24,Morgan,Utah,49029,450,2,,,,
2020-11-24,Piute,Utah,49031,42,1,42,1,,
2020-11-24,Rich,Utah,49033,40,0,40,0,,
2020-11-24,Salt Lake,Utah,49035,74269,382,25822,243,48447,139
2020-11-24,San Juan,Utah,49037,990,31,,,,
2020-11-24,Sanpete,Utah,49039,1045,3,1045,3,,
2020-11-24,Sevier,Utah,49041,826,3,826,3,,
2020-11-24,Summit,Utah,49043,2107,3,,,,
2020-11-24,Tooele,Utah,49045,2641,9,,,,
2020-11-24,Uintah,Utah,49047,666,1,666,1,,
2020-11-24,Unknown,Utah,,208,1,164,1,44,0
2020-11-24,Utah,Utah,49049,45297,119,,,,
2020-11-24,Wasatch,Utah,49051,1927,12,,,,
2020-11-24,Washington,Utah,49053,8563,70,8563,70,,
2020-11-24,Wayne,Utah,49055,44,0,44,0,,
2020-11-24,Weber,Utah,49057,11586,48,,,,
2020-11-24,Addison,Vermont,50001,162,2,162,2,,
2020-11-24,Bennington,Vermont,50003,190,1,190,1,,
2020-11-24,Caledonia,Vermont,50005,101,0,101,0,,
2020-11-24,Chittenden,Vermont,50007,1395,39,1395,39,,
2020-11-24,Essex,Vermont,50009,28,0,28,0,,
2020-11-24,Franklin,Vermont,50011,193,7,193,7,,
2020-11-24,Grand Isle,Vermont,50013,37,0,37,0,,
2020-11-24,Lamoille,Vermont,50015,137,1,137,1,,
2020-11-24,Orange,Vermont,50017,174,0,174,0,,
2020-11-24,Orleans,Vermont,50019,117,1,117,1,,
2020-11-24,Rutland,Vermont,50021,223,5,223,5,,
2020-11-24,Unknown,Vermont,,8,0,8,0,,
2020-11-24,Washington,Vermont,50023,567,2,567,2,,
2020-11-24,Windham,Vermont,50025,199,3,199,3,,
2020-11-24,Windsor,Vermont,50027,183,2,183,2,,
2020-11-24,Accomack,Virginia,51001,1308,21,,,,
2020-11-24,Albemarle,Virginia,51003,1821,26,,,,
2020-11-24,Alexandria city,Virginia,51510,5010,77,,,,
2020-11-24,Alleghany,Virginia,51005,280,7,,,,
2020-11-24,Amelia,Virginia,51007,190,6,,,,
2020-11-24,Amherst,Virginia,51009,735,6,,,,
2020-11-24,Appomattox,Virginia,51011,379,6,,,,
2020-11-24,Arlington,Virginia,51013,5856,157,,,,
2020-11-24,Augusta,Virginia,51015,1059,11,,,,
2020-11-24,Bath,Virginia,51017,58,0,,,,
2020-11-24,Bedford,Virginia,51019,1717,19,,,,
2020-11-24,Bland,Virginia,51021,117,5,,,,
2020-11-24,Botetourt,Virginia,51023,707,13,,,,
2020-11-24,Bristol city,Virginia,51520,489,7,,,,
2020-11-24,Brunswick,Virginia,51025,458,6,,,,
2020-11-24,Buchanan,Virginia,51027,388,5,,,,
2020-11-24,Buckingham,Virginia,51029,849,9,,,,
2020-11-24,Buena Vista city,Virginia,51530,238,1,,,,
2020-11-24,Campbell,Virginia,51031,1065,12,,,,
2020-11-24,Caroline,Virginia,51033,548,6,,,,
2020-11-24,Carroll,Virginia,51035,862,29,,,,
2020-11-24,Charles City,Virginia,51036,135,5,,,,
2020-11-24,Charlotte,Virginia,51037,272,4,,,,
2020-11-24,Charlottesville city,Virginia,51540,1808,31,,,,
2020-11-24,Chesapeake city,Virginia,51550,6080,80,,,,
2020-11-24,Chesterfield,Virginia,51041,8698,127,,,,
2020-11-24,Clarke,Virginia,51043,183,3,,,,
2020-11-24,Colonial Heights city,Virginia,51570,388,26,,,,
2020-11-24,Covington city,Virginia,51580,121,0,,,,
2020-11-24,Craig,Virginia,51045,83,0,,,,
2020-11-24,Culpeper,Virginia,51047,2050,19,,,,
2020-11-24,Cumberland,Virginia,51049,145,4,,,,
2020-11-24,Danville city,Virginia,51590,1536,48,,,,
2020-11-24,Dickenson,Virginia,51051,246,1,,,,
2020-11-24,Dinwiddie,Virginia,51053,643,13,,,,
2020-11-24,Emporia city,Virginia,51595,321,28,,,,
2020-11-24,Essex,Virginia,51057,232,2,,,,
2020-11-24,Fairfax,Virginia,51059,28798,614,,,,
2020-11-24,Fairfax city,Virginia,51600,201,8,,,,
2020-11-24,Falls Church city,Virginia,51610,90,7,,,,
2020-11-24,Fauquier,Virginia,51061,1387,27,,,,
2020-11-24,Floyd,Virginia,51063,313,15,,,,
2020-11-24,Fluvanna,Virginia,51065,481,9,,,,
2020-11-24,Franklin,Virginia,51067,1450,13,,,,
2020-11-24,Franklin city,Virginia,51620,537,16,,,,
2020-11-24,Frederick,Virginia,51069,1832,17,,,,
2020-11-24,Fredericksburg city,Virginia,51630,661,6,,,,
2020-11-24,Galax city,Virginia,51640,533,30,,,,
2020-11-24,Giles,Virginia,51071,236,0,,,,
2020-11-24,Gloucester,Virginia,51073,419,3,,,,
2020-11-24,Goochland,Virginia,51075,403,7,,,,
2020-11-24,Grayson,Virginia,51077,488,21,,,,
2020-11-24,Greene,Virginia,51079,350,4,,,,
2020-11-24,Greensville,Virginia,51081,931,16,,,,
2020-11-24,Halifax,Virginia,51083,788,12,,,,
2020-11-24,Hampton city,Virginia,51650,2636,34,,,,
2020-11-24,Hanover,Virginia,51085,2244,51,,,,
2020-11-24,Harrisonburg city,Virginia,51660,3374,36,,,,
2020-11-24,Henrico,Virginia,51087,7844,242,,,,
2020-11-24,Henry,Virginia,51089,1744,40,,,,
2020-11-24,Highland,Virginia,51091,14,0,,,,
2020-11-24,Hopewell city,Virginia,51670,598,9,,,,
2020-11-24,Isle of Wight,Virginia,51093,991,27,,,,
2020-11-24,James City,Virginia,51095,1141,22,,,,
2020-11-24,King and Queen,Virginia,51097,102,2,,,,
2020-11-24,King George,Virginia,51099,371,5,,,,
2020-11-24,King William,Virginia,51101,278,5,,,,
2020-11-24,Lancaster,Virginia,51103,232,1,,,,
2020-11-24,Lee,Virginia,51105,828,12,,,,
2020-11-24,Lexington city,Virginia,51678,333,2,,,,
2020-11-24,Loudoun,Virginia,51107,9345,139,,,,
2020-11-24,Louisa,Virginia,51109,484,8,,,,
2020-11-24,Lunenburg,Virginia,51111,164,4,,,,
2020-11-24,Lynchburg city,Virginia,51680,2530,27,,,,
2020-11-24,Madison,Virginia,51113,182,4,,,,
2020-11-24,Manassas city,Virginia,51683,2216,28,,,,
2020-11-24,Manassas Park city,Virginia,51685,699,8,,,,
2020-11-24,Martinsville city,Virginia,51690,644,24,,,,
2020-11-24,Mathews,Virginia,51115,155,1,,,,
2020-11-24,Mecklenburg,Virginia,51117,985,35,,,,
2020-11-24,Middlesex,Virginia,51119,161,11,,,,
2020-11-24,Montgomery,Virginia,51121,3710,14,,,,
2020-11-24,Nelson,Virginia,51125,171,3,,,,
2020-11-24,New Kent,Virginia,51127,359,4,,,,
2020-11-24,Newport News city,Virginia,51700,3834,53,,,,
2020-11-24,Norfolk city,Virginia,51710,6297,88,,,,
2020-11-24,Northampton,Virginia,51131,339,31,,,,
2020-11-24,Northumberland,Virginia,51133,261,8,,,,
2020-11-24,Norton city,Virginia,51720,71,0,,,,
2020-11-24,Nottoway,Virginia,51135,488,21,,,,
2020-11-24,Orange,Virginia,51137,540,7,,,,
2020-11-24,Page,Virginia,51139,559,31,,,,
2020-11-24,Patrick,Virginia,51141,425,28,,,,
2020-11-24,Petersburg city,Virginia,51730,1079,31,,,,
2020-11-24,Pittsylvania,Virginia,51143,1607,22,,,,
2020-11-24,Poquoson city,Virginia,51735,133,2,,,,
2020-11-24,Portsmouth city,Virginia,51740,3115,70,,,,
2020-11-24,Powhatan,Virginia,51145,409,6,,,,
2020-11-24,Prince Edward,Virginia,51147,860,15,,,,
2020-11-24,Prince George,Virginia,51149,1389,7,,,,
2020-11-24,Prince William,Virginia,51153,16962,232,,,,
2020-11-24,Pulaski,Virginia,51155,539,12,,,,
2020-11-24,Radford city,Virginia,51750,1103,2,,,,
2020-11-24,Rappahannock,Virginia,51157,78,2,,,,
2020-11-24,Richmond,Virginia,51159,392,5,,,,
2020-11-24,Richmond city,Virginia,51760,6384,80,,,,
2020-11-24,Roanoke,Virginia,51161,2644,29,,,,
2020-11-24,Roanoke city,Virginia,51770,3880,67,,,,
2020-11-24,Rockbridge,Virginia,51163,235,2,,,,
2020-11-24,Rockingham,Virginia,51165,2147,32,,,,
2020-11-24,Russell,Virginia,51167,745,9,,,,
2020-11-24,Salem city,Virginia,51775,830,20,,,,
2020-11-24,Scott,Virginia,51169,723,12,,,,
2020-11-24,Shenandoah,Virginia,51171,1304,62,,,,
2020-11-24,Smyth,Virginia,51173,951,36,,,,
2020-11-24,Southampton,Virginia,51175,970,40,,,,
2020-11-24,Spotsylvania,Virginia,51177,2967,57,,,,
2020-11-24,Stafford,Virginia,51179,3054,22,,,,
2020-11-24,Staunton city,Virginia,51790,588,12,,,,
2020-11-24,Suffolk city,Virginia,51800,2631,80,,,,
2020-11-24,Surry,Virginia,51181,164,5,,,,
2020-11-24,Sussex,Virginia,51183,663,13,,,,
2020-11-24,Tazewell,Virginia,51185,932,7,,,,
2020-11-24,Virginia Beach city,Virginia,51810,10168,112,,,,
2020-11-24,Warren,Virginia,51187,766,25,,,,
2020-11-24,Washington,Virginia,51191,1610,29,,,,
2020-11-24,Waynesboro city,Virginia,51820,560,5,,,,
2020-11-24,Westmoreland,Virginia,51193,406,6,,,,
2020-11-24,Williamsburg city,Virginia,51830,283,8,,,,
2020-11-24,Winchester city,Virginia,51840,890,4,,,,
2020-11-24,Wise,Virginia,51195,1138,36,,,,
2020-11-24,Wythe,Virginia,51197,569,7,,,,
2020-11-24,York,Virginia,51199,848,9,,,,
2020-11-24,St. Croix,Virgin Islands,78010,578,7,578,7,,
2020-11-24,St. John,Virgin Islands,78020,79,1,79,1,,
2020-11-24,St. Thomas,Virgin Islands,78030,850,15,850,15,,
2020-11-24,Adams,Washington,53001,1293,12,1293,12,,
2020-11-24,Asotin,Washington,53003,602,12,602,12,,
2020-11-24,Benton,Washington,53005,7524,143,7358,140,166,3
2020-11-24,Chelan,Washington,53007,3195,30,2238,29,957,1
2020-11-24,Clallam,Washington,53009,410,3,410,3,,
2020-11-24,Clark,Washington,53011,7612,116,7610,114,2,2
2020-11-24,Columbia,Washington,53013,30,2,30,2,,
2020-11-24,Cowlitz,Washington,53015,1216,8,1216,8,,
2020-11-24,Douglas,Washington,53017,1796,12,1309,11,487,1
2020-11-24,Ferry,Washington,53019,50,1,50,1,,
2020-11-24,Franklin,Washington,53021,6129,72,5992,71,137,1
2020-11-24,Garfield,Washington,53023,52,0,52,0,,
2020-11-24,Grant,Washington,53025,4628,32,4008,32,620,
2020-11-24,Grays Harbor,Washington,53027,935,17,935,17,,
2020-11-24,Island,Washington,53029,578,15,575,12,3,3
2020-11-24,Jefferson,Washington,53031,146,0,146,0,,
2020-11-24,King,Washington,53033,40084,878,40067,861,17,17
2020-11-24,Kitsap,Washington,53035,2209,30,2208,29,1,1
2020-11-24,Kittitas,Washington,53037,889,23,889,23,,
2020-11-24,Klickitat,Washington,53039,244,3,244,3,,
2020-11-24,Lewis,Washington,53041,1062,15,1062,15,,
2020-11-24,Lincoln,Washington,53043,140,3,140,3,,
2020-11-24,Mason,Washington,53045,681,11,681,11,,
2020-11-24,Okanogan,Washington,53047,1297,14,1297,14,,
2020-11-24,Pacific,Washington,53049,225,3,225,3,,
2020-11-24,Pend Oreille,Washington,53051,202,1,202,1,,
2020-11-24,Pierce,Washington,53053,16428,296,15083,296,1345,
2020-11-24,San Juan,Washington,53055,57,0,57,0,,
2020-11-24,Skagit,Washington,53057,1791,27,1790,26,1,1
2020-11-24,Skamania,Washington,53059,92,1,92,1,,
2020-11-24,Snohomish,Washington,53061,14443,279,13077,267,1366,12
2020-11-24,Spokane,Washington,53063,15081,245,15078,242,3,3
2020-11-24,Stevens,Washington,53065,519,6,519,6,,
2020-11-24,Thurston,Washington,53067,2685,47,2684,46,1,1
2020-11-24,Unknown,Washington,,2,2,0,0,2,2
2020-11-24,Wahkiakum,Washington,53069,16,0,16,0,,
2020-11-24,Walla Walla,Washington,53071,2046,22,2045,21,1,1
2020-11-24,Whatcom,Washington,53073,2130,63,2120,53,10,10
2020-11-24,Whitman,Washington,53075,2255,24,2255,24,,
2020-11-24,Yakima,Washington,53077,14562,307,14549,294,13,13
2020-11-24,Barbour,West Virginia,54001,355,4,305,3,50,1
2020-11-24,Berkeley,West Virginia,54003,2727,22,2398,22,329,0
2020-11-24,Boone,West Virginia,54005,585,13,560,13,25,0
2020-11-24,Braxton,West Virginia,54007,99,0,77,0,22,0
2020-11-24,Brooke,West Virginia,54009,543,8,396,8,147,0
2020-11-24,Cabell,West Virginia,54011,2575,50,2316,50,259,0
2020-11-24,Calhoun,West Virginia,54013,57,0,51,0,6,0
2020-11-24,Clay,West Virginia,54015,104,3,98,3,6,0
2020-11-24,Doddridge,West Virginia,54017,109,2,90,0,19,2
2020-11-24,Fayette,West Virginia,54019,1056,33,985,32,71,1
2020-11-24,Gilmer,West Virginia,54021,186,0,181,0,5,0
2020-11-24,Grant,West Virginia,54023,291,9,250,9,41,0
2020-11-24,Greenbrier,West Virginia,54025,396,6,323,6,73,0
2020-11-24,Hampshire,West Virginia,54027,277,2,251,1,26,1
2020-11-24,Hancock,West Virginia,54029,528,4,399,3,129,1
2020-11-24,Hardy,West Virginia,54031,203,1,158,1,45,0
2020-11-24,Harrison,West Virginia,54033,1096,17,974,17,122,0
2020-11-24,Jackson,West Virginia,54035,666,26,647,26,19,0
2020-11-24,Jefferson,West Virginia,54037,1181,15,1052,13,129,2
2020-11-24,Kanawha,West Virginia,54039,5235,135,4766,127,469,8
2020-11-24,Lewis,West Virginia,54041,219,2,183,2,36,0
2020-11-24,Lincoln,West Virginia,54043,387,3,366,3,21,0
2020-11-24,Logan,West Virginia,54045,997,51,907,51,90,0
2020-11-24,Marion,West Virginia,54049,732,6,571,5,161,1
2020-11-24,Marshall,West Virginia,54051,1047,14,881,14,166,0
2020-11-24,Mason,West Virginia,54053,349,7,343,7,6,0
2020-11-24,McDowell,West Virginia,54047,573,1,513,1,60,0
2020-11-24,Mercer,West Virginia,54055,1227,37,942,34,285,3
2020-11-24,Mineral,West Virginia,54057,1009,8,962,8,47,0
2020-11-24,Mingo,West Virginia,54059,926,14,760,14,166,0
2020-11-24,Monongalia,West Virginia,54061,3058,7,2732,7,326,0
2020-11-24,Monroe,West Virginia,54063,330,10,301,10,29,0
2020-11-24,Morgan,West Virginia,54065,234,1,207,1,27,0
2020-11-24,Nicholas,West Virginia,54067,303,5,241,5,62,0
2020-11-24,Ohio,West Virginia,54069,1329,16,1031,15,298,1
2020-11-24,Pendleton,West Virginia,54071,97,1,85,1,12,0
2020-11-24,Pleasants,West Virginia,54073,73,4,63,4,10,0
2020-11-24,Pocahontas,West Virginia,54075,102,0,80,0,22,0
2020-11-24,Preston,West Virginia,54077,472,6,418,6,54,0
2020-11-24,Putnam,West Virginia,54079,1675,30,1457,26,218,4
2020-11-24,Raleigh,West Virginia,54081,1415,15,1236,15,179,0
2020-11-24,Randolph,West Virginia,54083,629,2,542,1,87,1
2020-11-24,Ritchie,West Virginia,54085,128,2,108,2,20,0
2020-11-24,Roane,West Virginia,54087,148,3,143,3,5,0
2020-11-24,Summers,West Virginia,54089,258,10,232,8,26,2
2020-11-24,Taylor,West Virginia,54091,266,8,245,8,21,0
2020-11-24,Tucker,West Virginia,54093,105,0,84,0,21,0
2020-11-24,Tyler,West Virginia,54095,126,0,99,0,27,0
2020-11-24,Upshur,West Virginia,54097,444,4,362,4,82,0
2020-11-24,Wayne,West Virginia,54099,915,14,819,14,96,0
2020-11-24,Webster,West Virginia,54101,52,0,44,0,8,0
2020-11-24,Wetzel,West Virginia,54103,374,12,263,9,111,3
2020-11-24,Wirt,West Virginia,54105,90,1,72,1,18,0
2020-11-24,Wood,West Virginia,54107,2141,15,1639,14,502,1
2020-11-24,Wyoming,West Virginia,54109,615,8,570,8,45,0
2020-11-24,Adams,Wisconsin,55001,1052,7,986,6,66,1
2020-11-24,Ashland,Wisconsin,55003,612,8,587,8,25,0
2020-11-24,Barron,Wisconsin,55005,3365,37,3307,37,58,0
2020-11-24,Bayfield,Wisconsin,55007,639,7,621,7,18,0
2020-11-24,Brown,Wisconsin,55009,21793,131,21212,127,581,4
2020-11-24,Buffalo,Wisconsin,55011,744,4,733,4,11,0
2020-11-24,Burnett,Wisconsin,55013,729,10,706,10,23,0
2020-11-24,Calumet,Wisconsin,55015,4077,26,3882,25,195,1
2020-11-24,Chippewa,Wisconsin,55017,4348,47,4304,45,44,2
2020-11-24,Clark,Wisconsin,55019,2121,36,1976,33,145,3
2020-11-24,Columbia,Wisconsin,55021,3354,11,3161,10,193,1
2020-11-24,Crawford,Wisconsin,55023,853,6,837,6,16,0
2020-11-24,Dane,Wisconsin,55025,25722,78,25006,75,716,3
2020-11-24,Dodge,Wisconsin,55027,8140,70,7767,66,373,4
2020-11-24,Door,Wisconsin,55029,1634,11,1527,11,107,0
2020-11-24,Douglas,Wisconsin,55031,1871,1,1788,1,83,0
2020-11-24,Dunn,Wisconsin,55033,2541,8,2446,8,95,0
2020-11-24,Eau Claire,Wisconsin,55035,7349,58,7250,54,99,4
2020-11-24,Florence,Wisconsin,55037,322,11,304,11,18,0
2020-11-24,Fond du Lac,Wisconsin,55039,8340,43,7973,40,367,3
2020-11-24,Forest,Wisconsin,55041,739,17,694,16,45,1
2020-11-24,Grant,Wisconsin,55043,3439,60,3238,58,201,2
2020-11-24,Green,Wisconsin,55045,1580,6,1552,5,28,1
2020-11-24,Green Lake,Wisconsin,55047,1344,5,1133,5,211,0
2020-11-24,Iowa,Wisconsin,55049,1236,4,1200,4,36,0
2020-11-24,Iron,Wisconsin,55051,384,9,326,6,58,3
2020-11-24,Jackson,Wisconsin,55053,1602,4,1584,4,18,0
2020-11-24,Jefferson,Wisconsin,55055,5225,34,4907,33,318,1
2020-11-24,Juneau,Wisconsin,55057,1802,7,1793,7,9,0
2020-11-24,Kenosha,Wisconsin,55059,9399,127,8473,125,926,2
2020-11-24,Kewaunee,Wisconsin,55061,1609,15,1568,15,41,0
2020-11-24,La Crosse,Wisconsin,55063,7661,32,7401,32,260,0
2020-11-24,Lafayette,Wisconsin,55065,1053,3,1030,3,23,0
2020-11-24,Langlade,Wisconsin,55067,1531,31,1456,24,75,7
2020-11-24,Lincoln,Wisconsin,55069,1894,27,1801,22,93,5
2020-11-24,Manitowoc,Wisconsin,55071,5194,37,4567,33,627,4
2020-11-24,Marathon,Wisconsin,55073,9777,126,9048,113,729,13
2020-11-24,Marinette,Wisconsin,55075,2984,25,2760,25,224,0
2020-11-24,Marquette,Wisconsin,55077,1109,12,996,12,113,0
2020-11-24,Menominee,Wisconsin,55078,537,2,536,2,1,0
2020-11-24,Milwaukee,Wisconsin,55079,66908,709,62571,700,4337,9
2020-11-24,Monroe,Wisconsin,55081,2356,11,2328,11,28,0
2020-11-24,Oconto,Wisconsin,55083,3203,26,2995,23,208,3
2020-11-24,Oneida,Wisconsin,55085,2219,29,2154,28,65,1
2020-11-24,Outagamie,Wisconsin,55087,13835,113,13108,113,727,0
2020-11-24,Ozaukee,Wisconsin,55089,4905,36,4442,33,463,3
2020-11-24,Pepin,Wisconsin,55091,442,2,438,2,4,0
2020-11-24,Pierce,Wisconsin,55093,2245,21,1899,17,346,4
2020-11-24,Polk,Wisconsin,55095,1959,14,1941,14,18,
2020-11-24,Portage,Wisconsin,55097,4614,37,4414,35,200,2
2020-11-24,Price,Wisconsin,55099,700,3,669,3,31,0
2020-11-24,Racine,Wisconsin,55101,14420,152,13149,149,1271,3
2020-11-24,Richland,Wisconsin,55103,841,12,823,12,18,0
2020-11-24,Rock,Wisconsin,55105,9059,71,8746,69,313,2
2020-11-24,Rusk,Wisconsin,55107,781,5,759,5,22,0
2020-11-24,Sauk,Wisconsin,55111,3414,16,3303,16,111,0
2020-11-24,Sawyer,Wisconsin,55113,804,7,795,7,9,0
2020-11-24,Shawano,Wisconsin,55115,3683,45,3546,44,137,1
2020-11-24,Sheboygan,Wisconsin,55117,8660,50,8350,48,310,2
2020-11-24,St. Croix,Wisconsin,55109,4240,19,4034,19,206,0
2020-11-24,Taylor,Wisconsin,55119,1159,12,1062,10,97,2
2020-11-24,Trempealeau,Wisconsin,55121,2232,12,2201,12,31,0
2020-11-24,Vernon,Wisconsin,55123,1007,7,1001,7,6,0
2020-11-24,Vilas,Wisconsin,55125,1160,11,1131,11,29,0
2020-11-24,Walworth,Wisconsin,55127,6309,48,5472,47,837,1
2020-11-24,Washburn,Wisconsin,55129,616,2,584,2,32,0
2020-11-24,Washington,Wisconsin,55131,8992,70,8107,66,885,4
2020-11-24,Waukesha,Wisconsin,55133,25738,188,23818,182,1920,6
2020-11-24,Waupaca,Wisconsin,55135,3971,112,3599,112,372,
2020-11-24,Waushara,Wisconsin,55137,1743,7,1691,7,52,0
2020-11-24,Winnebago,Wisconsin,55139,13678,105,12560,101,1118,4
2020-11-24,Wood,Wisconsin,55141,4095,30,3873,26,222,4
2020-11-24,Albany,Wyoming,56001,2958,9,2728,,230,
2020-11-24,Big Horn,Wyoming,56003,447,12,403,,44,
2020-11-24,Campbell,Wyoming,56005,2631,10,2426,,205,
2020-11-24,Carbon,Wyoming,56007,628,7,578,,50,
2020-11-24,Converse,Wyoming,56009,568,6,376,,192,
2020-11-24,Crook,Wyoming,56011,284,4,263,,21,
2020-11-24,Fremont,Wyoming,56013,3076,27,2719,,357,
2020-11-24,Goshen,Wyoming,56015,587,8,534,,53,
2020-11-24,Hot Springs,Wyoming,56017,139,0,128,,11,
2020-11-24,Johnson,Wyoming,56019,280,4,194,,86,
2020-11-24,Laramie,Wyoming,56021,4423,21,3738,,685,
2020-11-24,Lincoln,Wyoming,56023,600,6,521,,79,
2020-11-24,Natrona,Wyoming,56025,4447,45,3693,,754,
2020-11-24,Niobrara,Wyoming,56027,105,0,43,,62,
2020-11-24,Park,Wyoming,56029,1199,6,1085,,114,
2020-11-24,Platte,Wyoming,56031,298,6,195,,103,
2020-11-24,Sheridan,Wyoming,56033,1751,10,1462,,289,
2020-11-24,Sublette,Wyoming,56035,383,1,287,,96,
2020-11-24,Sweetwater,Wyoming,56037,1548,6,1473,,75,
2020-11-24,Teton,Wyoming,56039,1433,2,1385,,48,
2020-11-24,Uinta,Wyoming,56041,950,4,752,,198,
2020-11-24,Washakie,Wyoming,56043,324,7,268,,56,
2020-11-24,Weston,Wyoming,56045,372,1,309,,63,
