SUMLEV,REGION,DIVISION,STATE,NAME,CENSUS2010POP,ESTIMATESBASE2010,POPESTIMATE2010,POPESTIMATE2011,POPESTIMATE2012,POPESTIMATE2013,POPESTIMATE2014,POPESTIMATE2015,POPESTIMATE2016,POPESTIMATE2017,POPESTIMATE2018,POPESTIMATE2019,NPOPCHG_2010,NPOPCHG_2011,NPOPCHG_2012,NPOPCHG_2013,NPOPCHG_2014,NPOPCHG_2015,NPOPCHG_2016,NPOPCHG_2017,NPOPCHG_2018,NPOPCHG_2019,BIRTHS2010,BIRTHS2011,BIRTHS2012,BIRTHS2013,BIRTHS2014,BIRTHS2015,BIRTHS2016,BIRTHS2017,BIRTHS2018,BIRTHS2019,DEATHS2010,DEATHS2011,DEATHS2012,DEATHS2013,DEATHS2014,DEATHS2015,DEATHS2016,DEATHS2017,DEATHS2018,DEATHS2019,NATURALINC2010,NATURALINC2011,NATURALINC2012,NATURALINC2013,NATURALINC2014,NATURALINC2015,NATURALINC2016,NATURALINC2017,NATURALINC2018,NATURALINC2019,INTERNATIONALMIG2010,INTERNATIONALMIG2011,INTERNATIONALMIG2012,INTERNATIONALMIG2013,INTERNATIONALMIG2014,INTERNATIONALMIG2015,INTERNATIONALMIG2016,INTERNATIONALMIG2017,INTERNATIONALMIG2018,INTERNATIONALMIG2019,DOMESTICMIG2010,DOMESTICMIG2011,DOMESTICMIG2012,DOMESTICMIG2013,DOMESTICMIG2014,DOMESTICMIG2015,DOMESTICMIG2016,DOMESTICMIG2017,DOMESTICMIG2018,DOMESTICMIG2019,NETMIG2010,NETMIG2011,NETMIG2012,NETMIG2013,NETMIG2014,NETMIG2015,NETMIG2016,NETMIG2017,NETMIG2018,NETMIG2019,RESIDUAL2010,RESIDUAL2011,RESIDUAL2012,RESIDUAL2013,RESIDUAL2014,RESIDUAL2015,RESIDUAL2016,RESIDUAL2017,RESIDUAL2018,RESIDUAL2019,RBIRTH2011,RBIRTH2012,RBIRTH2013,RBIRTH2014,RBIRTH2015,RBIRTH2016,RBIRTH2017,RBIRTH2018,RBIRTH2019,RDEATH2011,RDEATH2012,RDEATH2013,RDEATH2014,RDEATH2015,RDEATH2016,RDEATH2017,RDEATH2018,RDEATH2019,RNATURALINC2011,RNATURALINC2012,RNATURALINC2013,RNATURALINC2014,RNATURALINC2015,RNATURALINC2016,RNATURALINC2017,RNATURALINC2018,RNATURALINC2019,RINTERNATIONALMIG2011,RINTERNATIONALMIG2012,RINTERNATIONALMIG2013,RINTERNATIONALMIG2014,RINTERNATIONALMIG2015,RINTERNATIONALMIG2016,RINTERNATIONALMIG2017,RINTERNATIONALMIG2018,RINTERNATIONALMIG2019,RDOMESTICMIG2011,RDOMESTICMIG2012,RDOMESTICMIG2013,RDOMESTICMIG2014,RDOMESTICMIG2015,RDOMESTICMIG2016,RDOMESTICMIG2017,RDOMESTICMIG2018,RDOMESTICMIG2019,RNETMIG2011,RNETMIG2012,RNETMIG2013,RNETMIG2014,RNETMIG2015,RNETMIG2016,RNETMIG2017,RNETMIG2018,RNETMIG2019
010,0,0,00,United States,308745538,308758105,309321666,311556874,313830990,315993715,318301008,320635163,322941311,324985539,326687501,328239523,563561,2235208,2274116,2162725,2307293,2334155,2306148,2044228,1701962,1552022,987836,3973485,3936976,3940576,3963195,3992376,3962654,3901982,3824521,3791712,598691,2512442,2501531,2608019,2582448,2699826,2703215,2788163,2824382,2835038,389145,1461043,1435445,1332557,1380747,1292550,1259439,1113819,1000139,956674,174416,774165,838671,830168,926546,1041605,1046709,930409,701823,595348,0,0,0,0,0,0,0,0,0,0,174416,774165,838671,830168,926546,1041605,1046709,930409,701823,595348,0,0,0,0,0,0,0,0,0,0,12.799556577,12.590509751,12.513246841,12.496383326,12.496947837,12.314477487,12.044513976,11.737545564,11.579036629,8.0931835718,7.9999345814,8.2817297553,8.1427384033,8.4510037858,8.400602288,8.6064128999,8.6680952767,8.6575691523,4.7063730049,4.5905751698,4.2315170854,4.3536449223,4.045944051,3.9138751986,3.4381010758,3.0694502875,2.9214674764,2.4937727756,2.6820827467,2.636187477,2.9214999476,3.2604352274,3.2527882615,2.8719569192,2.1539114155,1.8180590453,0,0,0,0,0,0,0,0,0,2.4937727756,2.6820827467,2.636187477,2.9214999476,3.2604352274,3.2527882615,2.8719569192,2.1539114155,1.8180590453
020,1,0,00,Northeast Region,55317240,55318443,55380134,55604223,55775216,55901806,56006011,56034684,56042330,56059240,56046620,55982803,61691,224089,170993,126590,104205,28673,7646,16910,-12620,-63817,163466,646249,637860,635751,632433,634504,628030,618490,610713,602740,110878,470811,460915,479963,470268,489209,480502,497919,503076,505588,52588,175438,176945,155788,162165,145295,147528,120571,107637,97152,45032,204242,205018,191468,219965,224592,234098,213507,179097,134145,-32807,-154970,-207154,-217700,-275141,-340104,-373661,-316475,-298739,-294331,12225,49272,-2136,-26232,-55176,-115512,-139563,-102968,-119642,-160186,-3122,-621,-3816,-2966,-2784,-1110,-319,-693,-615,-783,11.64576734,11.453819587,11.385529245,11.302749298,11.326313176,11.207115136,11.034457412,10.89529129,10.760387474,8.4842767526,8.2764826998,8.5955551358,8.4045603356,8.7327019883,8.5744968188,8.8833546221,8.9750170062,9.025985968,3.1614905874,3.1773368871,2.7899741094,2.8981889621,2.5936111874,2.6326183173,2.1511027901,1.9202742836,1.7344015063,3.680554729,3.6814335184,3.4289596297,3.9311820371,4.0091147239,4.1774489103,3.8091705584,3.1951407357,2.3948172972,-2.792645814,-3.719788892,-3.89874293,-4.917279371,-6.071079798,-6.66793282,-5.646218871,-5.329587588,-5.254530321,0.8879089149,-0.038355374,-0.469783301,-0.986097334,-2.061965074,-2.49048391,-1.837048313,-2.134446852,-2.859713024
020,2,0,00,Midwest Region,66927001,66929725,66974416,67157800,67336743,67560379,67745167,67860583,67987540,68126781,68236628,68329004,44691,183384,178943,223636,184788,115416,126957,139241,109847,92376,212570,834866,830701,830890,836538,838012,831641,818785,801587,792343,140862,586660,584671,605165,596898,626084,619187,640407,627911,622854,71708,248206,246030,225725,239640,211928,212454,178378,173676,169489,24720,114945,118864,124489,132052,140410,143098,124250,94152,85675,-50673,-179592,-184359,-124956,-183669,-234550,-227445,-162183,-157067,-161549,-25953,-64647,-65495,-467,-51617,-94140,-84347,-37933,-62915,-75874,-1064,-175,-1592,-1622,-3235,-2372,-1150,-1204,-914,-1239,12.448403894,12.352932416,12.31886919,12.365169422,12.359534902,12.243687754,12.030842809,11.756628936,11.60384188,8.7474883737,8.6943453163,8.9722447896,8.8229642856,9.2338857312,9.1158712587,9.4098401299,9.2093766884,9.1216800432,3.7009155205,3.6585870997,3.3466244002,3.5422051362,3.1256491705,3.1278164955,2.6210026791,2.5472522471,2.482161837,1.713905927,1.7675661384,1.8456880051,1.9519081649,2.0708561399,2.1067350338,1.8256712312,1.3808983024,1.2547080659,-2.677835428,-2.741508999,-1.8526118,-2.71487763,-3.45929284,-3.348518846,-2.383040944,-2.303653174,-2.365880751,-0.963929501,-0.973942861,-0.006923795,-0.762969465,-1.3884367,-1.241783812,-0.557369713,-0.922754872,-1.111172685
020,3,0,00,South Region,114555744,114563030,114866680,116006522,117241208,118364400,119624037,120997341,122351760,123542189,124569433,125580448,303650,1139842,1234686,1123192,1259637,1373304,1354419,1190429,1027244,1011015,368759,1509634,1504955,1504774,1525313,1545679,1541412,1519344,1494950,1481244,228435,963051,960791,1011227,1006109,1052226,1058081,1092315,1116929,1122130,140324,546583,544164,493547,519204,493453,483331,427029,378021,359114,67464,279639,338025,323413,358590,422001,428463,395903,299648,242942,91267,312610,344278,300008,374593,453543,441519,366143,348608,407913,158731,592249,682303,623421,733183,875544,869982,762046,648256,650855,4595,1010,8219,6224,7250,4307,1106,1354,967,1046,13.077602657,12.904348522,12.773668783,12.818379071,12.847395463,12.668318836,12.357717676,12.050624537,11.842851926,8.3426832708,8.2383738526,8.5840656221,8.4551082623,8.7459061929,8.695992676,8.8844398526,9.003439589,8.9716612737,4.7349193866,4.6659746699,4.1896031609,4.3632708088,4.10148927,3.9723261604,3.4732778235,3.0471849481,2.8711906523,2.4224465861,2.8984204905,2.7453760778,3.0135077529,3.5075935772,3.5213855177,3.2201117727,2.4154289717,1.9423715017,2.7080665689,2.9520373039,2.5466965965,3.1479932783,3.7697647962,3.6286881536,2.9780562026,2.8100900489,3.2613487432,5.130513155,5.8504577944,5.2920726743,6.1615010312,7.2773583734,7.1500736713,6.1981679753,5.2255190206,5.2037202448
020,4,0,00,West Region,71945553,71946907,72100436,72788329,73477823,74167130,74925793,75742555,76559681,77257329,77834820,78347268,153529,687893,689494,689307,758663,816762,817126,697648,577491,512448,243041,982736,963460,969161,968911,974181,961571,945363,917271,915385,118516,491920,495154,511664,509173,532307,545445,557522,576466,584466,124525,490816,468306,457497,459738,441874,416126,387841,340805,330919,37200,175339,176764,190798,215939,254602,241050,196749,128926,132586,-7787,21952,47235,42648,84217,121111,159587,112515,107198,47967,29413,197291,223999,233446,300156,375713,400637,309264,236124,180553,-409,-214,-2811,-1636,-1231,-825,363,543,562,976,13.565385832,13.17406641,13.128264533,12.997411017,12.931461889,12.627142257,12.292047544,11.828722549,11.722022822,6.7903125546,6.7705890013,6.9310056267,6.8302772493,7.065943273,7.162665688,7.2491592445,7.4338514711,7.4844178034,6.7750732778,6.4034774088,6.1972589066,6.167133768,5.8655186158,5.4644765688,5.0428882995,4.3948710776,4.2376050191,2.4203256892,2.4170185321,2.5845516033,2.8967035545,3.379634852,3.1654164289,2.5582216167,1.6625728747,1.6978387432,0.303018664,0.6458773866,0.5777102317,1.1297249837,1.6076502014,2.0956619442,1.4629721381,1.3823781628,0.6142445733,2.7233443532,3.0628959187,3.162261835,4.0264285381,4.9872850534,5.2610783731,4.0211937548,3.0449510375,2.3120833165
040,3,6,01,Alabama,4779736,4780125,4785437,4799069,4815588,4830081,4841799,4852347,4863525,4874486,4887681,4903185,5312,13632,16519,14493,11718,10548,11178,10961,13195,15504,14226,59690,59067,57929,58903,59647,59389,58961,58271,57313,11075,48833,48366,50851,49712,51876,51710,53195,53665,53879,3151,10857,10701,7078,9191,7771,7679,5766,4606,3434,924,4665,5817,5046,3684,4580,5777,3011,3379,2772,1244,-1893,-114,2297,-959,-1544,-2157,2298,5279,9387,2168,2772,5703,7343,2725,3036,3620,5309,8658,12159,-7,3,115,72,-198,-259,-121,-114,-69,-89,12.455519356,12.286865772,12.011401179,12.180258647,12.305777115,12.225150764,12.109454384,11.938128082,11.707442426,10.189987883,10.060889328,10.543799502,10.279697432,10.702541513,10.644438296,10.925228982,10.994485138,11.005972301,2.2655314734,2.2259764441,1.467601677,1.9005612146,1.6032356022,1.5807124672,1.1842254029,0.9436429432,0.7014701253,0.9734461014,1.2100275652,1.0462726847,0.7617960521,0.944900149,1.1891881655,0.6184014374,0.6922643302,0.5662420464,-0.395012534,-0.023713794,0.4762759328,-0.198306844,-0.318542758,-0.44401573,0.4719649629,1.0815221661,1.9175014754,0.5784335677,1.1863137707,1.5225486174,0.5634892079,0.6263573914,0.7451724354,1.0903664003,1.7737864964,2.4837435218
040,4,9,02,Alaska,710231,710249,713910,722128,730443,737068,736283,737498,741456,739700,735139,731545,3661,8218,8315,6625,-785,1215,3958,-1756,-4561,-3594,2892,11716,11124,11350,11443,11330,11246,10803,10284,10031,920,3937,3940,4039,4024,4350,4447,4463,4664,4819,1972,7779,7184,7311,7419,6980,6799,6340,5620,5212,430,1314,2348,2863,1198,2273,2303,2612,537,659,1168,-892,-1319,-3564,-9641,-8166,-5185,-10753,-10757,-9482,1598,422,1029,-701,-8443,-5893,-2882,-8141,-10220,-8823,91,17,102,15,239,128,41,45,39,17,16.317116957,15.316290908,15.468367869,15.533297904,15.375418736,15.208045686,14.58725482,13.945929013,13.678474709,5.483141811,5.4248639137,5.5045583985,5.4623779398,5.9031837159,6.0137096894,6.0263739944,6.32475816,6.5712859757,10.833975146,9.8914269939,9.9638094706,10.070919964,9.47223502,9.1943359969,8.5608808255,7.6211708532,7.1071887332,1.8300351383,3.232888444,3.901844688,1.6262248439,3.0845831233,3.1143632594,3.5269748764,0.7282150797,0.8986257435,-1.242306958,-1.816090229,-4.857203796,-13.08717339,-11.08170074,-7.011712332,-14.51973999,-14.58735496,-12.92984719,0.5877281799,1.416798215,-0.955359108,-11.46094855,-7.997117618,-3.897349072,-10.99276511,-13.85913988,-12.03122145
040,4,8,04,Arizona,6392017,6392288,6407172,6472643,6554978,6632764,6730413,6829676,6941072,7044008,7158024,7278717,14884,65471,82335,77786,97649,99263,111396,102936,114016,120693,20934,86097,85577,86093,86129,86764,84957,83021,81767,81942,11505,48174,48754,50612,50236,52846,56032,56333,60127,60523,9429,37923,36823,35481,35893,33918,28925,26688,21640,21419,2550,16489,15100,17997,21312,19511,20062,13385,7937,7782,3122,11062,29844,24050,39948,45561,62320,62686,84113,91017,5672,27551,44944,42047,61260,65072,82382,76071,92050,98799,-217,-3,568,258,496,273,89,177,326,475,13.369291407,13.137778571,13.056518697,12.890497522,12.796966156,12.338763297,11.872795865,11.514831117,11.351869511,7.4805422283,7.4847126732,7.6756127016,7.5185713697,7.7943441227,8.13782955,8.0561569902,8.4673798792,8.3845793175,5.8887491785,5.6530658974,5.3809059959,5.371926152,5.0026220329,4.2009337474,3.8166388751,3.047451238,2.9672901938,2.5604405032,2.3181515643,2.729352758,3.1896606623,2.8777097259,2.9137124577,1.9141828291,1.1177273787,1.0780826504,1.7177265357,4.5816500188,3.6473264339,5.9788177617,6.7198673991,9.0510697022,8.9646966624,11.845206376,12.609078462,4.2781670389,6.8998015831,6.3766791919,9.168478424,9.597577125,11.96478216,10.878879492,12.962933755,13.687161112
040,3,7,05,Arkansas,2915918,2916031,2921964,2940667,2952164,2959400,2967392,2978048,2989918,3001345,3009733,3017804,5933,18703,11497,7236,7992,10656,11870,11427,8388,8071,9438,38453,38594,37978,38225,38796,38612,37737,37239,36640,6979,29455,29772,30994,29967,31318,31134,32340,31743,31322,2459,8998,8822,6984,8258,7478,7478,5397,5496,5318,801,3662,3732,2321,3100,3303,3366,2039,588,268,2469,5996,-1293,-2150,-3371,-106,1069,3981,2294,2515,3270,9658,2439,171,-271,3197,4435,6020,2882,2783,204,47,236,81,5,-19,-43,10,10,-30,13.118001116,13.098627807,12.848714824,12.899052304,13.05067413,12.939752003,12.597343832,12.390123702,12.15753632,10.048389537,10.104481191,10.485888337,10.112384575,10.535132808,10.433705554,10.795720368,10.561499951,10.392968139,3.0696115788,2.9941466165,2.3628264872,2.7866677285,2.5155413224,2.5060464487,1.801623464,1.828623751,1.764568181,1.2492684598,1.266623801,0.7852405895,1.0460971129,1.1111036357,1.1280225122,0.6806578179,0.1956387856,0.0889252111,2.0454980025,-0.43883831,-0.727387879,-1.137546248,-0.03565758,0.3582460088,1.3289351511,0.763257439,0.8345033801,3.2947664624,0.8277854905,0.0578527104,-0.091449135,1.0754460561,1.486268521,2.009592969,0.9588962246,0.9234285911
040,4,9,06,California,37253956,37254519,37319502,37638369,37948800,38260787,38596972,38918045,39167117,39358497,39461588,39512223,64983,318867,310431,311987,336185,321073,249072,191380,103091,50635,123327,509771,497451,499629,498914,500380,490358,481943,465017,462617,57319,238388,239535,247704,244055,253798,260121,265241,277578,282520,66008,271383,257916,251925,254859,246582,230237,216702,187439,180097,19635,99179,98297,116528,131001,156870,141892,112814,71300,74028,-20356,-51326,-41795,-53692,-46321,-79938,-122369,-137546,-155281,-203414,-721,47853,56502,62836,84680,76932,19523,-24732,-83981,-129386,-304,-369,-3987,-2774,-3354,-2441,-688,-590,-367,-76,13.601533587,13.162313302,13.111972382,12.982788114,12.910530614,12.559569256,12.274797367,11.799454416,11.715706616,6.3605862018,6.337980458,6.5005994587,6.3508226931,6.5483569461,6.6624949821,6.7555282026,7.0433316584,7.1547769171,7.240947385,6.8243328441,6.6113729235,6.6319654207,6.3621736676,5.8970742739,5.5192691648,4.7561227573,4.5609296986,2.6462597904,2.6008911645,3.0580929405,3.408920627,4.0474737947,3.6342884196,2.8733044991,1.8091835349,1.8747480731,-1.369462588,-1.105875522,-1.409061566,-1.205369519,-2.06251648,-3.134244634,-3.503213614,-3.940137847,-5.15142925,1.2767972025,1.4950156421,1.6490313745,2.203551108,1.9849573148,0.5000437855,-0.629909115,-2.130954312,-3.276681177
040,4,8,08,Colorado,5029196,5029319,5047349,5121108,5192647,5269035,5350101,5450623,5539215,5611885,5691287,5758736,18030,73759,71539,76388,81066,100522,88592,72670,79402,67449,16780,65926,64748,64729,65702,66350,66588,65375,64494,64524,7832,32015,32721,33589,33935,36253,36719,37702,38490,39116,8948,33911,32027,31140,31767,30097,29869,27673,26004,25408,2322,12382,11017,8715,9461,13122,9351,8171,10646,10523,6111,27250,27722,35709,38947,56554,49084,36612,42539,31335,8433,39632,38739,44424,48408,69676,58435,44783,53185,41858,649,216,773,824,891,749,288,214,213,183,12.966765754,12.555659893,12.374491979,12.374264724,12.286213406,12.118104016,11.725300643,11.411663912,11.270545046,6.2969239089,6.3451187274,6.421338366,6.3912920976,6.7130684943,6.6823550993,6.7620234775,6.8104776252,6.8324753583,6.6698418452,6.2105411657,5.9531536133,5.982972626,5.5731449114,5.4357489164,4.9632771655,4.6011862865,4.4380696877,2.4353744132,2.1363703132,1.6660800816,1.7818775463,2.4298371109,1.7017539294,1.4655056452,1.8837190127,1.8380749104,5.3597119012,5.3757336683,6.8266269229,7.3352483667,10.472260934,8.9326157492,6.5665270691,7.5269136841,5.4733514509,7.7950863145,7.5121039815,8.4927070045,9.1171259131,12.902098045,10.634369679,8.0320327143,9.4106326967,7.3114263613
040,1,1,09,Connecticut,3574097,3574147,3579114,3588283,3594547,3594841,3594524,3587122,3578141,3573297,3571520,3565287,4967,9169,6264,294,-317,-7402,-8981,-4844,-1777,-6233,9488,37634,36855,36142,36162,36321,35888,35551,34883,34567,6847,29295,29064,29756,29669,30375,30116,31118,31263,31149,2641,8339,7791,6386,6493,5946,5772,4433,3620,3418,2420,12893,15890,11024,18106,16475,14395,14368,18498,12323,152,-12024,-17361,-17031,-25086,-29963,-29219,-23724,-23976,-22059,2572,869,-1471,-6007,-6980,-13488,-14824,-9356,-5478,-9736,-246,-39,-56,-85,170,140,71,79,81,85,10.501441458,10.261971953,10.054263311,10.05985925,10.114951364,10.017217791,9.9423360728,9.7645607998,9.6869650531,8.174515797,8.0926320127,8.2777560482,8.2535801145,8.4590635629,8.4061115412,8.7025854101,8.7512388351,8.7291137339,2.3269256607,2.1693399398,1.7765072632,1.8062791359,1.6558878007,1.6111062497,1.2397506627,1.0133219647,0.9578513192,3.5976798829,4.4244399492,3.0667422596,5.0368843424,4.5880846814,4.0179962689,4.0182128406,5.1780192551,3.4533650693,-3.355192966,-4.834027814,-4.737816348,-6.978641368,-8.344326635,-8.155736921,-6.634749543,-6.711438516,-6.181756071,0.2424869168,-0.409587864,-1.671074089,-1.941757026,-3.756241953,-4.137740652,-2.616536702,-1.53341926,-2.728391002
040,3,5,10,Delaware,897934,897937,899593,907381,915179,923576,932487,941252,948921,956823,965479,973764,1656,7788,7798,8397,8911,8765,7669,7902,8656,8285,2842,11298,11158,10890,10981,11026,11084,10978,10732,10683,1839,7874,7695,8085,8072,8543,8505,9057,9420,9454,1003,3424,3463,2805,2909,2483,2579,1921,1312,1229,357,1527,1212,2357,1743,2238,1708,1528,484,73,281,2854,3202,3298,4230,4052,3379,4430,6851,6961,638,4381,4414,5655,5973,6290,5087,5958,7335,7034,15,-17,-79,-63,29,-8,3,23,9,22,12.504883856,12.244315688,11.84497119,11.832572493,11.768981699,11.728027011,11.520959793,11.165779362,11.017701237,8.7151226304,8.4441664472,8.7939937621,8.6979806181,9.1186659401,8.9991762659,9.5049492482,9.8007493099,9.7501963395,3.7897612251,3.8001492406,3.0509774277,3.1345918754,2.650315759,2.7288507454,2.016010545,1.3650300525,1.2675048975,1.6901183968,1.3299973663,2.5636911932,1.8781690061,2.388806552,1.8072419826,1.6035731977,0.5035629157,0.0752871095,3.1588722361,3.5137389167,3.587209824,4.5580349374,4.3250420683,3.5753341096,4.6491029225,7.1279122635,7.1790899851,4.848990633,4.843736283,6.1509010173,6.4362039435,6.7138486203,5.3825760922,6.2526761202,7.6314751792,7.2543770946
040,3,5,11,District of Columbia,601723,601767,605226,619800,634924,650581,662328,675400,685815,694906,701547,705749,3459,14574,15124,15657,11747,13072,10415,9091,6641,4202,2245,9196,9232,9445,9334,9648,9718,9693,9523,9493,1181,4668,4538,4813,4650,4883,4852,5138,5321,5677,1064,4528,4694,4632,4684,4765,4866,4555,4202,3816,696,2414,3384,4737,5205,5024,3451,3541,2749,2604,1473,7537,6711,6051,1778,3201,2057,973,-318,-2203,2169,9951,10095,10788,6983,8225,5508,4514,2431,401,226,95,335,237,80,82,41,22,8,-15,15.013558896,14.715586854,14.694614179,14.218807244,14.42445699,14.278420382,14.040490439,13.638840691,13.49112056,7.6210627366,7.2334632955,7.4881077864,7.08350693,7.3004377572,7.1289252616,7.4424883811,7.6207362511,8.0679544318,7.3924961593,7.4821235586,7.2065063924,7.135300314,7.1240192326,7.1494951202,6.5980020583,6.0181044403,5.4231661285,3.9411408411,5.3940149387,7.3698663171,7.9289577572,7.5112429433,5.0704701315,5.1292042346,3.9371178264,3.7007139934,12.305044954,10.697173243,9.4141990891,2.7084893165,4.7857262463,3.0222999306,1.4094085626,-0.455439603,-3.130826777,16.246185795,16.091188182,16.784065406,10.637447074,12.29696919,8.092770062,6.5386127972,3.4816782233,0.5698872163
040,3,5,12,Florida,18801310,18804564,18845537,19053237,19297822,19545621,19845911,20209042,20613477,20963613,21244317,21477737,40973,207700,244585,247799,300290,363131,404435,350136,280704,233420,50873,213205,214010,212988,218333,221746,224651,224574,223066,221695,41764,174483,173756,181609,181024,191076,193671,199813,209998,211692,9109,38722,40254,31379,37309,30670,30980,24761,13068,10003,22164,100548,98777,103594,112485,132882,155926,160385,131600,88678,10296,68593,103746,111585,147547,197401,216749,164257,135530,133910,32460,169141,202523,215179,260032,330283,372675,324642,267130,222588,-596,-163,1808,1241,2949,2178,780,733,506,829,11.251287443,11.160578382,10.966484099,11.085275891,11.072088887,11.006229184,10.80277624,10.569862109,10.378480398,9.2078440321,9.0613403922,9.3508188757,9.1910109005,9.5406927578,9.4884394567,9.6116875904,9.9506419765,9.9101976698,2.0434434106,2.0992379898,1.6156652231,1.8942649908,1.5313961297,1.5177897278,1.19108865,0.6192201323,0.4682827282,5.306134705,5.1512006487,5.3339246987,5.7111259344,6.6349846922,7.6392150127,7.7150661578,6.2357950271,4.1513921592,3.6198004716,5.4103329976,5.7453712329,7.4913054917,9.8565088817,10.619089919,7.9013225793,6.4220159577,6.2688933449,8.9259351767,10.561533646,11.079295932,13.202431426,16.491493574,18.258304932,15.616388737,12.657810985,10.420285504
040,3,5,13,Georgia,9687653,9688729,9711881,9802431,9901430,9972479,10067278,10178447,10301890,10410330,10511131,10617423,23152,90550,98999,71049,94799,111169,123443,108440,100801,106292,32487,132621,131867,128653,129551,131676,130742,129824,128547,127873,17216,71158,70452,74849,74837,78553,80059,82160,84569,86319,15271,61463,61415,53804,54714,53123,50683,47664,43978,41554,4088,11606,21466,22294,16832,25266,34354,20986,16863,15053,3012,17214,15023,-5840,23027,32629,38428,39794,39981,49680,7100,28820,36489,16454,39859,57895,72782,60780,56844,64733,781,267,1095,791,226,151,-22,-4,-21,5,13.592177885,13.384889388,12.946924533,12.929398296,13.007783125,12.767563346,12.535981174,12.288529945,12.104283142,7.2929037929,7.1510857694,7.5323883188,7.4688530405,7.7599592013,7.8181330708,7.9334808147,8.0844258439,8.170838383,6.2992740918,6.2338036185,5.4145362143,5.4605452551,5.2478239233,4.9494302755,4.6025003597,4.2041041015,3.9334447592,1.1894859527,2.1788623052,2.2435445387,1.6798606889,2.4959343269,3.3548276085,2.0264365674,1.6120289114,1.4248963748,1.7642435972,1.5248788042,-0.587705217,2.298131659,3.2232977579,3.7526726245,3.8425625066,3.8220084152,4.702640796,2.9537295499,3.7037411094,1.6558393218,3.9779923479,5.7192320848,7.107500233,5.868999074,5.4340373266,6.1275371708
040,4,9,15,Hawaii,1360301,1360307,1363963,1379329,1394804,1408243,1414538,1422052,1427559,1424393,1420593,1415872,3656,15366,15475,13439,6295,7514,5507,-3166,-3800,-4721,4647,19151,18891,19036,18956,18212,18250,17939,17173,16878,2534,10072,10244,10340,10740,11070,10854,11297,12454,12748,2113,9079,8647,8696,8216,7142,7396,6642,4719,4130,1975,7229,10116,5681,3854,7267,9598,4647,4412,5014,-348,-889,-3061,-764,-5709,-6817,-11455,-14452,-12910,-13817,1627,6340,7055,4917,-1855,450,-1857,-9805,-8498,-8803,-84,-53,-227,-174,-66,-78,-32,-3,-21,-48,13.962057266,13.619390274,13.582362336,13.430726649,12.84077008,12.808765828,12.580155627,12.07246714,11.900728548,7.3430024948,7.3853704923,7.3776857827,7.6095169976,7.8051463201,7.6178818793,7.9222932223,8.7550518702,8.9886531299,6.6190547707,6.234019782,6.2046765538,5.821209651,5.0356237595,5.1908839487,4.6578624044,3.3174152702,2.9120754178,5.2703102696,7.2930894085,4.0534461249,2.7306404571,5.1237577514,6.7363580503,3.2588206253,3.101596985,3.5353864758,-0.648126412,-2.206815607,-0.545121077,-4.044947164,-4.806475381,-8.039693839,-10.13481293,-9.075615838,-9.742408244,4.6221838579,5.0862738016,3.5083250477,-1.314306707,0.3172823707,-1.303335789,-6.875992303,-5.974018853,-6.207021768
040,4,8,16,Idaho,1567582,1567657,1570746,1583910,1595324,1611206,1631112,1651059,1682380,1717715,1750536,1787065,3089,13164,11414,15882,19906,19947,31321,35335,32821,36529,5971,22952,22365,22699,22422,23030,22642,22430,22054,22220,2582,11881,11893,12295,12533,12888,13278,13687,13451,13308,3389,11071,10472,10404,9889,10142,9364,8743,8603,8912,114,1541,1524,1782,1322,2998,3369,1518,122,167,-378,528,-718,3543,8482,6763,18541,25007,24020,27360,-264,2069,806,5325,9804,9761,21910,26525,24142,27527,-36,24,136,153,213,44,47,67,76,90,14.551190368,14.069426786,14.157983864,13.83084571,14.03339436,13.584769363,13.193748998,12.717649328,12.562185504,7.5323585202,7.4816764038,7.668726006,7.7308888271,7.8533385372,7.9665474604,8.0509515175,7.7566473707,7.523742785,7.0188318473,6.5877503826,6.4892578582,6.0999568827,6.1800558228,5.6182219024,5.1427974807,4.9610019575,5.0384427187,0.9769686457,0.9587215034,1.1114818823,0.8154659722,1.8268396132,2.0213359237,0.8929162273,0.070352463,0.0944142655,0.3347433127,-0.451681128,2.2098654932,5.232059286,4.1210528032,11.124247361,14.709588997,13.851361969,15.468109603,1.3117119585,0.5070403751,3.3213473755,6.0475252582,5.9478924163,13.145583285,15.602505224,13.921714432,15.562523869
040,2,3,17,Illinois,12830632,12831572,12840503,12867454,12882510,12895129,12884493,12858913,12820527,12778828,12723071,12671821,8931,26951,15056,12619,-10636,-25580,-38386,-41699,-55757,-51250,41831,162400,160123,157513,157512,159239,156289,151944,147037,144299,24075,101622,101304,104307,102688,107564,106158,108770,109549,110004,17756,60778,58819,53206,54824,51675,50131,43174,37488,34295,4868,30606,27200,27571,28835,30323,24509,29564,20260,19209,-13329,-64482,-70886,-67989,-94721,-107924,-113179,-114678,-113699,-104986,-8461,-33876,-43686,-40418,-65886,-77601,-88670,-85114,-93439,-85777,-364,49,-77,-169,426,346,153,241,194,232,12.634220603,12.436755251,12.220902,12.219884372,12.37124567,12.172305938,11.870924092,11.531454971,11.364411394,7.9058791019,7.868282845,8.0928280515,7.9666024583,8.356625382,8.267937307,8.4978703565,8.5914386219,8.6634745287,4.7283415014,4.5684724064,4.1280739481,4.2532819139,4.0146202876,3.9043686311,3.3730537351,2.9400163494,2.7009368656,2.3810526834,2.1126243128,2.1391408267,2.2370382312,2.3557877307,1.9088422489,2.3097456948,1.5889012814,1.5128239175,-5.016501311,-5.505716435,-5.275037019,-7.348517368,-8.384593709,-8.814756085,-8.959444486,-8.91690458,-8.268276943,-2.635448628,-3.393092122,-3.135896193,-5.111479137,-6.028805979,-6.905913836,-6.649698791,-7.328003299,-6.755453026
040,2,3,18,Indiana,6483802,6484051,6490432,6516528,6537703,6568713,6593644,6608422,6634304,6658078,6695497,6732219,6381,26096,21175,31010,24931,14778,25882,23774,37419,36722,20955,83459,83077,83373,83554,84175,83559,82268,81801,80711,13852,57901,58599,60698,59833,62900,62128,65300,63233,62175,7103,25558,24478,22675,23721,21275,21431,16968,18568,18536,2376,8791,10534,8595,9527,7779,13298,8861,14959,14379,-3040,-8203,-13567,81,-7644,-13950,-8698,-1877,4044,3997,-664,588,-3033,8676,1883,-6171,4600,6984,19003,18376,-58,-50,-270,-341,-673,-326,-149,-178,-152,-190,12.832975576,12.727980683,12.722471193,12.695902413,12.75179203,12.619607172,12.378217839,12.251550615,12.021553033,8.903079582,8.9777789285,9.2623338066,9.0915327703,9.5288116269,9.3829623901,9.825176556,9.4705724871,9.260696309,3.9298959941,3.7502017545,3.4601373861,3.6043696429,3.2229804032,3.2366447814,2.5530412833,2.7809781276,2.7608567235,1.3517378388,1.6138828859,1.3115713708,1.4476130681,1.1784519181,2.0083478281,1.3332448616,2.2404487188,2.1416896217,-1.261324706,-2.078559817,0.0123603585,-1.1614941,-2.113305599,-1.313626817,-0.282417403,0.6056805013,0.5953357965,0.0904131327,-0.464676931,1.3239317293,0.2861189679,-0.934853681,0.6947210114,1.0508274589,2.8461292201,2.7370254182
040,2,4,19,Iowa,3046355,3046871,3050745,3066336,3076190,3092997,3109350,3120960,3131371,3141550,3148618,3155070,3874,15591,9854,16807,16353,11610,10411,10179,7068,6452,9958,37854,38472,38806,39463,39702,39432,38850,38068,37672,6888,28188,28055,29150,28884,29750,29158,30581,28919,28809,3070,9666,10417,9656,10579,9952,10274,8269,9149,8863,1448,6118,4030,6904,6805,5409,5722,5903,2835,2663,-545,-179,-4577,194,-948,-3642,-5556,-3962,-4899,-5011,903,5939,-547,7098,5857,1767,166,1941,-2064,-2348,-99,-14,-16,53,-83,-109,-29,-31,-17,-63,12.376491336,12.526442705,12.580588009,12.725182903,12.74479119,12.613535656,12.386573974,12.103969242,11.952368201,9.216160453,9.1346784694,9.4501917352,9.3138935954,9.5500865928,9.3270813717,9.7501626435,9.1949849352,9.1403635459,3.1603308833,3.3917642351,3.1303962743,3.4112893071,3.1947045974,3.286454284,2.6364113305,2.9089843069,2.8120046551,2.0003004701,1.312163758,2.2382203684,2.19433063,1.7363501977,1.8303573499,1.8820578164,0.9014067669,0.8449022223,-0.058524646,-1.490266382,0.0628932143,-0.305690733,-1.169123206,-1.777257154,-1.263207364,-1.557669048,-1.58986295,1.9417758241,-0.178102624,2.3011135827,1.8886398971,0.5672269919,0.0531001958,0.6188504526,-0.656262281,-0.744960728
040,2,4,20,Kansas,2853118,2853123,2858190,2869225,2885257,2893212,2900475,2909011,2910844,2908718,2911359,2913314,5067,11035,16032,7955,7263,8536,1833,-2126,2641,1955,9987,40113,39582,39727,39292,39001,38613,37409,35912,35457,5996,25169,24978,25592,25475,26530,26238,27016,25734,25230,3991,14944,14604,14135,13817,12471,12375,10393,10178,10227,919,4749,5977,5716,6534,9088,7640,2278,4053,4104,219,-8652,-4625,-11900,-13065,-12926,-18161,-14764,-11564,-12357,1138,-3903,1352,-6184,-6531,-3838,-10521,-12486,-7511,-8253,-62,-6,76,4,-23,-97,-21,-33,-26,-19,14.007366325,13.756928947,13.750008869,13.563728935,13.426661154,13.26940276,12.856293996,12.3407302,12.174760712,8.7889562743,8.6812331675,8.8577095421,8.7940546322,9.1333381301,9.0167194887,9.2845475312,8.8431819716,8.6631472702,5.2184100506,5.0756957794,4.892299327,4.7696743024,4.2933230238,4.2526832713,3.5717464648,3.4975482283,3.5116134416,1.6583397571,2.0773372825,1.978378702,2.255558507,3.1286760997,2.6254949651,0.7828767869,1.3927650785,1.4091778199,-3.021258281,-1.607442686,-4.118738026,-4.510081404,-4.449963387,-6.241048961,-5.073921371,-3.973830587,-4.242984971,-1.362918524,0.4698945969,-2.140359324,-2.254522897,-1.321287288,-3.615553996,-4.291044584,-2.581065508,-2.833807151
040,3,6,21,Kentucky,4339367,4339333,4348181,4369821,4386346,4404659,4414349,4425976,4438182,4452268,4461153,4467673,8848,21640,16525,18313,9690,11627,12206,14086,8885,6520,13687,55309,55306,56046,55758,55943,55681,54910,54428,53471,10554,42508,42857,44417,43645,46309,46715,48541,46582,46074,3133,12801,12449,11629,12113,9634,8966,6369,7846,7397,1510,5010,7784,8844,4993,7417,7095,5916,895,765,4041,3852,-3564,-2091,-7102,-5275,-3752,1936,226,-1541,5551,8862,4220,6753,-2109,2142,3343,7852,1121,-776,164,-23,-144,-69,-314,-149,-103,-135,-82,-101,12.688457745,12.632468065,12.750760579,12.644959615,12.656322024,12.56317859,12.352580578,12.212594917,11.977162507,9.7517756936,9.7889864366,10.105101749,9.8979386344,10.476764146,10.540200209,10.919807209,10.452103631,10.320281748,2.9366820517,2.8434816284,2.6456588297,2.7470209801,2.1795578782,2.022978381,1.4327733692,1.7604912861,1.656880759,1.1493459166,1.777946903,2.012056642,1.1323269012,1.6779926077,1.6008288661,1.3308662666,0.2008207623,0.1713551143,0.8836887167,-0.814054826,-0.475713528,-1.610611987,-1.193395039,-0.846555307,0.4355235112,0.0507100472,-0.345174158,2.0330346334,0.9638920774,1.5363431144,-0.478285086,0.4845975685,0.7542735588,1.7663897778,0.2515308096,-0.173819044
040,3,7,22,Louisiana,4533372,4533487,4544532,4575625,4600972,4624527,4644013,4664628,4678135,4670560,4659690,4648794,11045,31093,25347,23555,19486,20615,13507,-7575,-10870,-10896,14574,62290,62286,62541,64226,64390,63993,62391,59870,58498,9182,40767,40733,43787,43592,43973,43677,45011,46238,46343,5392,21523,21553,18754,20634,20417,20316,17380,13632,12155,1201,6728,4152,6115,4643,6107,6417,3265,3293,3040,4107,2728,-591,-1614,-5764,-5865,-13144,-28239,-27776,-26045,5308,9456,3561,4501,-1121,242,-6727,-24974,-24483,-23005,345,114,233,300,-27,-44,-82,19,-19,-46,13.659852566,13.574966842,13.558290993,13.858924922,13.834457683,13.698945376,13.347531393,12.833525361,12.568749111,8.939977678,8.8775828338,9.4926030559,9.4064437333,9.4477808307,9.3499107277,9.629365382,9.9114171646,9.957153066,4.7198748881,4.6973840085,4.0656879373,4.4524811891,4.3866768522,4.3490346485,3.7181660114,2.9221081965,2.6115960451,1.4754131974,0.9049106112,1.3256735489,1.0018837918,1.3121141958,1.3736835666,0.6984932122,0.7058760483,0.6531675835,0.5982353155,-0.128805918,-0.349899772,-1.243777337,-1.260119495,-2.813728658,-6.041271001,-5.953966936,-5.5959703,2.0736485128,0.7761046933,0.9757737766,-0.241893545,0.0519947004,-1.440045092,-5.342777789,-5.248090887,-4.942802716
040,1,1,23,Maine,1328361,1328358,1327629,1328284,1327729,1328009,1330513,1328262,1331317,1334612,1339057,1344212,-729,655,-555,280,2504,-2251,3055,3295,4445,5155,3442,12623,12799,12869,12704,12652,12647,12451,12252,12073,3102,13026,12752,13406,13350,14175,14172,14551,14416,14335,340,-403,47,-537,-646,-1523,-1525,-2100,-2164,-2262,294,1102,476,1742,2994,623,1966,628,874,852,-1309,-3,-872,-783,320,-1253,2660,4815,5768,6613,-1015,1099,-396,959,3314,-630,4626,5443,6642,7465,-54,-41,-206,-142,-164,-98,-46,-48,-33,-48,9.5055824494,9.6377540321,9.691468059,9.5571900477,9.5171648598,9.5105277941,9.3408339082,9.1649340289,8.9987250626,9.8090562454,9.602362639,10.095875421,10.043174365,10.662805239,10.65732584,10.916269713,10.783683395,10.684728218,-0.303473796,0.035391393,-0.404407362,-0.485984318,-1.145640379,-1.146798046,-1.575435805,-1.618749367,-1.686003155,0.8298464596,0.3584319806,1.3118763974,2.2523793296,0.4686368722,1.4784294808,0.4711303264,0.6537832469,0.6350462812,-0.00225911,-0.656623292,-0.589666601,0.2407352657,-0.942539327,2.0003165915,3.6122492384,4.3146702153,4.9290622744,0.8275873494,-0.298191312,0.7222097963,2.4931145953,-0.473902455,3.4787460722,4.0833795649,4.9684534623,5.5641085556
040,3,5,24,Maryland,5773552,5773794,5788645,5839419,5886992,5923188,5957283,5985562,6003323,6023868,6035802,6045680,14851,50774,47573,36196,34095,28279,17761,20545,11934,9878,18468,73541,72733,72361,72753,74134,73397,71942,71389,70091,10608,43692,43467,45721,44767,47192,47258,49834,50845,51453,7860,29849,29266,26640,27986,26942,26139,22108,20544,18638,6545,20485,25540,21154,23126,27296,21413,22617,15809,15011,851,519,-6440,-11012,-16479,-25651,-29709,-24054,-24353,-23665,7396,21004,19100,10142,6647,1645,-8296,-1437,-8544,-8654,-405,-79,-793,-586,-538,-308,-82,-126,-66,-106,12.64888119,12.404989046,12.254004596,12.247494228,12.414797312,12.2441745,11.963225661,11.839295768,11.603046712,7.5149225185,7.4135214943,7.7426423645,7.5362332015,7.9029745425,7.8836355508,8.2868892662,8.4322373664,8.5176636442,5.133958671,4.9914675513,4.5113622316,4.7112610266,4.5118227692,4.3605389492,3.6763363948,3.4070584021,3.0853830681,3.5233724204,4.3559789948,3.5823332075,3.8931116452,4.5711051261,3.5721420299,3.7609779374,2.6217964505,2.4849600405,0.0892667945,-1.098375283,-1.864831865,-2.77413244,-4.295626377,-4.956090579,-3.999936477,-4.038750646,-3.917565742,3.6126392149,3.2576037118,1.7175013421,1.1189792055,0.275478749,-1.383948549,-0.23895854,-1.416954195,-1.432605702
040,1,1,25,Massachusetts,6547629,6547785,6566307,6613583,6663005,6713315,6762596,6794228,6823608,6859789,6882635,6892503,18522,47276,49422,50310,49281,31632,29380,36181,22846,9868,18645,73185,72224,72157,71950,71919,71410,70765,70696,70419,12303,53998,52393,54784,54721,57490,55981,58172,58890,58564,6342,19187,19831,17373,17229,14429,15429,12593,11806,11855,8872,33717,38241,36877,43948,40282,44261,48794,38352,28426,3563,-5472,-7745,-3094,-10782,-22573,-30169,-25009,-27223,-30274,12435,28245,30496,33783,33166,17709,14092,23785,11129,-1848,-255,-156,-905,-846,-1114,-506,-141,-197,-89,-139,11.105555509,10.879903783,10.788767015,10.678313325,10.610007182,10.487716257,10.343191826,10.288723445,10.224071802,8.1939985842,7.8925398604,8.1911915983,8.121306233,8.4813375168,8.2217174594,8.5025670161,8.5705403937,8.502854926,2.911556925,2.9873639221,2.5975754169,2.5570070921,2.1286696648,2.2659987975,1.8406248098,1.7181830513,1.7212168764,5.116431169,5.7606668219,5.5137735939,6.5224532872,5.9426898217,6.5004454452,7.131854758,5.5815480588,4.1271455865,-0.830355944,-1.166715424,-0.46260855,-1.600188663,-3.33013101,-4.430806774,-3.655378851,-3.961892021,-4.395455058,4.2860752252,4.5939513978,5.0511650439,4.9222646246,2.6125588117,2.0696386709,3.4764759073,1.6196560374,-0.268309472
040,2,3,26,Michigan,9883640,9884116,9877510,9882412,9897145,9913065,9929848,9931715,9950571,9973114,9984072,9986857,-6606,4902,14733,15920,16783,1867,18856,22543,10958,2785,29100,113972,113075,113019,114518,113802,113314,112565,110376,109472,22108,89833,89037,92325,91840,96307,94761,97505,96260,95983,6992,24139,24038,20694,22678,17495,18553,15060,14116,13489,4576,21595,23918,23211,23108,21215,27665,20952,13645,13146,-18629,-40878,-32963,-28210,-28444,-36387,-27092,-13172,-16639,-23670,-14053,-19283,-9045,-4999,-5336,-15172,573,7780,-2994,-10524,455,46,-260,225,-559,-456,-270,-297,-164,-180,11.535673066,11.433521994,11.410176873,11.542458509,11.459521086,11.398488081,11.299616512,11.06127888,10.963135466,9.0924447981,9.0029316632,9.3209511661,9.2567054041,9.6978269031,9.5322036913,9.7878479809,9.6466505849,9.6122719178,2.4432282678,2.4305903312,2.0892257073,2.2857531049,1.7616941829,1.86628439,1.5117685308,1.4146282948,1.3508635477,2.1857373728,2.4184565913,2.3433370974,2.3290935157,2.1362870586,2.7828791921,2.1032253823,1.3674272515,1.3165136184,-4.137465725,-3.333037236,-2.848026346,-2.866917776,-3.664062088,-2.725239945,-1.322245358,-1.667469552,-2.370445561,-1.951728352,-0.914580645,-0.504689249,-0.53782426,-1.52777503,0.0576392473,0.7809800245,-0.300042301,-1.053931943
040,2,4,27,Minnesota,5303925,5303927,5310828,5346143,5376643,5413479,5451079,5482032,5522744,5566230,5606249,5639632,6901,35315,30500,36836,37600,30953,40712,43486,40019,33383,17496,68367,68043,68955,69903,69711,69808,69570,67861,67642,9361,39959,39303,41318,40795,42860,42608,43970,43494,43200,8135,28408,28740,27637,29108,26851,27200,25600,24367,24442,2935,11811,11227,10994,15877,16400,16197,10604,9256,9113,-4035,-4853,-9113,-1373,-6701,-11865,-2475,7531,6566,65,-1100,6958,2114,9621,9176,4535,13722,18135,15822,9178,-134,-51,-354,-422,-684,-433,-210,-249,-170,-237,12.830475001,12.691291237,12.781134449,12.868079861,12.752271517,12.686855234,12.547599084,12.14788589,12.0296489,7.4991289739,7.3307440809,7.6584861598,7.5097394666,7.8404033399,7.7435469836,7.9304000532,7.7859175211,7.6828129339,5.3313460269,5.3605471563,5.1226482889,5.3583403945,4.9118681773,4.9433082509,4.6171990303,4.3619683689,4.346835966,2.2165772995,2.0940453349,2.0377897488,2.9227143893,3.0000610073,2.9436310198,1.9125304108,1.6569286011,1.6206822747,-0.910765357,-1.699744824,-0.254492025,-1.233552253,-2.170470967,-0.449804703,1.3582861679,1.1753882017,0.011559788,1.3058119422,0.3943005111,1.7832977236,1.6891621362,0.8295900407,2.4938263169,3.2708165787,2.8323168027,1.6322420627
040,3,6,28,Mississippi,2967297,2968130,2970548,2978731,2983816,2988711,2990468,2988471,2987938,2988510,2981020,2976149,2418,8183,5085,4895,1757,-1997,-533,572,-7490,-4871,9423,39734,39430,38489,38723,38577,38159,37532,36832,35978,6648,29165,29060,30679,30592,31487,31490,31950,31603,31536,2775,10569,10370,7810,8131,7090,6669,5582,5229,4442,590,2103,1975,1722,2588,3187,850,2492,2013,1429,-1068,-4551,-7558,-4719,-8968,-12296,-8032,-7490,-14775,-10740,-478,-2448,-5583,-2997,-6380,-9109,-7182,-4998,-12762,-9311,121,62,298,82,6,22,-20,-12,43,-2,13.357585012,13.225891553,12.888681792,12.952614397,12.90429623,12.76987569,12.559968731,12.339999966,12.078891836,9.8045494252,9.7475122628,10.273373398,10.232843004,10.532637981,10.538100722,10.691969544,10.588103251,10.587579436,3.5530355863,3.4783792899,2.6153083946,2.7197713934,2.3716582491,2.2317749672,1.8679991861,1.7518967155,1.4913124002,0.7069764252,0.6624685726,0.57664034,0.8656706882,1.0660754358,0.2844517502,0.8339401598,0.6744249547,0.4797580864,-1.529933291,-2.535158213,-1.580235636,-2.999742941,-4.113104348,-2.687901715,-2.506505536,-4.950138453,-3.605739572,-0.822956866,-1.872689641,-1.003595296,-2.134072253,-3.047028913,-2.403449965,-1.672565377,-4.275713498,-3.125981486
040,2,4,29,Missouri,5988927,5988950,5995974,6010275,6024367,6040715,6056202,6071732,6087135,6106670,6121623,6137428,7024,14301,14092,16348,15487,15530,15403,19535,14953,15805,19015,76256,75442,75168,75796,75145,74882,73765,72323,71297,13194,55939,55619,57558,57101,59996,59195,61348,60322,60141,5821,20317,19823,17610,18695,15149,15687,12417,12001,11156,1871,8387,6476,5415,6218,9091,5584,8109,5755,5503,-502,-14354,-11827,-6349,-8993,-8347,-5789,-898,-2697,-710,1369,-5967,-5351,-934,-2775,744,-205,7211,3058,4793,-166,-49,-380,-328,-433,-363,-79,-93,-106,-144,12.702718393,12.537473071,12.460420907,12.531457395,12.392052925,12.317266074,12.098766546,11.828797364,11.631732342,9.3183141546,9.2431499001,9.5412530143,9.4405872174,9.8938533142,9.7369269686,10.062158613,9.8659722988,9.8116893388,3.3844042382,3.2943231714,2.9191678929,3.0908701779,2.4981996109,2.5803391056,2.0366079333,1.9628250648,1.8200430033,1.3971057905,1.076226447,0.8976316945,1.0280305304,1.4991836202,0.9185066339,1.3300196288,0.941259749,0.8977856443,-2.391088174,-1.965492617,-1.052458657,-1.486825114,-1.37649166,-0.952226881,-0.147287906,-0.441108174,-0.115832783,-0.993982384,-0.88926617,-0.154826963,-0.458794584,0.1226919606,-0.033720247,1.1827317232,0.5001515747,0.7819528608
040,4,8,30,Montana,989415,989407,990697,997316,1003783,1013569,1021869,1030475,1040859,1052482,1060665,1068778,1290,6619,6467,9786,8300,8606,10384,11623,8183,8113,3063,12002,12035,12207,12380,12582,12430,12194,11552,11618,2410,9118,8962,9439,9370,9682,9923,10260,9666,9870,653,2884,3073,2768,3010,2900,2507,1934,1886,1748,347,435,326,1647,609,585,849,949,288,322,306,3297,3019,5318,4629,5074,6996,8699,5996,6024,653,3732,3345,6965,5238,5659,7845,9648,6284,6346,-16,3,49,53,52,47,32,41,13,19,12.074367723,12.028390399,12.102003022,12.164457969,12.261102427,12.00192726,11.650275803,10.93345612,10.911773642,9.1729782451,8.9570780856,9.3578116263,9.2068635842,9.4350654666,9.5812650205,9.8025118698,9.1484406906,9.2700297683,2.9013894778,3.0713123139,2.7441913955,2.9575943851,2.8260369607,2.4206622399,1.8477639333,1.7850154296,1.6417438739,0.4376228928,0.3258209614,1.6328335362,0.5983970035,0.5700798697,0.8197615643,0.9066845774,0.2725792385,0.3024265031,3.3168797186,3.0173419706,5.2722578905,4.5484067803,4.9445901857,6.7550670244,8.311116058,5.6749483117,5.6578175607,3.7545026114,3.343162932,6.9050914268,5.1468037838,5.5146700553,7.5748285887,9.2178006354,5.9475275501,5.9602440638
040,2,4,31,Nebraska,1826341,1826305,1829542,1840672,1853303,1865279,1879321,1891277,1905616,1915947,1925614,1934408,3237,11130,12631,11976,14042,11956,14339,10331,9667,8794,6509,25722,25763,26029,26467,26859,26619,26226,25470,25343,3653,15621,15220,16174,15683,16557,16135,16881,15731,15582,2856,10101,10543,9855,10784,10302,10484,9345,9739,9761,650,2073,3169,3083,4992,4045,5871,4642,3280,3295,-247,-1013,-993,-878,-1653,-2297,-1963,-3599,-3334,-4220,403,1060,2176,2205,3339,1748,3908,1043,-54,-925,-22,-31,-88,-84,-81,-94,-53,-57,-18,-42,14.016621374,13.948659642,13.99942236,14.136089302,14.246546569,14.021464392,13.725274188,13.260234577,13.131013243,8.5123101814,8.2404455905,8.6990148395,8.3763285798,8.7821613442,8.4990543584,8.8346051079,8.1898998871,8.0735291146,5.5043111928,5.7082140513,5.3004075209,5.7597607221,5.4643852248,5.5224100337,4.8906690796,5.0703346895,5.0574841283,1.1296344028,1.7157668907,1.6581589434,2.6662393847,2.1455482658,3.092528549,2.4293724845,1.7076391602,1.7072441556,-0.552011409,-0.537632225,-0.472223014,-0.882871335,-1.21837438,-1.034003329,-1.883522527,-1.735752732,-2.186516035,0.5776229942,1.1781346652,1.1859359293,1.78336805,0.9271738859,2.0585252205,0.5458499572,-0.028113572,-0.47927188
040,4,8,32,Nevada,2700551,2700677,2702405,2712730,2743996,2775970,2817628,2866939,2917563,2969905,3027341,3080156,1728,10325,31266,31974,41658,49311,50624,52342,57436,52815,8898,35845,34708,35082,35223,36228,36290,36152,35700,35932,4939,20204,20414,21249,21248,22454,23312,24504,25146,25610,3959,15641,14294,13833,13975,13774,12978,11648,10554,10322,911,795,3358,4222,3582,6219,2585,2679,-992,-970,-3055,-6054,13402,13900,23725,29035,34931,37822,47650,43207,-2144,-5259,16760,18122,27307,35254,37516,40501,46658,42237,-87,-57,212,19,376,283,130,193,224,256,13.238820454,12.721181162,12.710947857,12.594040544,12.746089544,12.547320409,12.281000933,11.905464608,11.766522358,7.4620484993,7.4821422223,7.6989604646,7.597256721,7.8999860499,8.0601579877,8.3241216768,8.3858491047,8.3864142709,5.7767719549,5.2390389402,5.0119873927,4.9967838232,4.8461034939,4.4871624212,3.9568792561,3.5196155035,3.3801080868,0.2936214887,1.230774644,1.5297195671,1.2807498859,2.1880294489,0.8937675188,0.9100686407,-0.330818512,-0.317642399,-2.235955336,4.9121029716,5.0362629045,8.482912072,10.215377882,12.077444178,12.848307626,15.890627131,14.148840351,-1.942333848,6.1428776156,6.5659824716,9.7636619578,12.403407331,12.971211696,13.758376266,15.559808619,13.831197952
040,1,1,33,New Hampshire,1316470,1316462,1316762,1320202,1324232,1326622,1333341,1336350,1342307,1348787,1353465,1359711,300,3440,4030,2390,6719,3009,5957,6480,4678,6246,3269,12986,12363,12600,12215,12378,12355,12251,12023,12004,2538,10741,10516,10888,11154,11990,11837,12352,12378,12125,731,2245,1847,1712,1061,388,518,-101,-355,-121,448,2888,3241,2520,2815,3885,3770,2490,2292,1947,-802,-1677,-896,-1714,2964,-1133,1719,4126,2784,4469,-354,1211,2345,806,5779,2752,5489,6616,5076,6416,-77,-16,-162,-128,-121,-131,-50,-35,-43,-49,9.8492053741,9.3502049966,9.5063703999,9.1843382784,9.2729832778,9.224771966,9.1048473223,8.8985039145,8.8486703406,8.1464896752,7.9533087232,8.2147111836,8.3865828209,8.9823129343,8.8380109883,9.1799097319,9.1612477297,8.9378647017,1.7027156988,1.3968962735,1.2916592162,0.7977554575,0.2906703435,0.3867609776,-0.07506241,-0.262743815,-0.089194361,2.1903977453,2.4511861517,1.90127408,2.1165707944,2.9104491868,2.8148434085,1.850548513,1.6963628855,1.4352183566,-1.27191725,-0.677649735,-1.293168164,2.2286024279,-0.848787369,1.2834789971,3.0664109095,2.0605036096,3.2942942146,0.918480495,1.7735364165,0.6081059161,4.3451732223,2.0616618178,4.0983224056,4.9169594225,3.7568664951,4.7295125712
040,1,2,34,New Jersey,8791894,8791978,8799446,8828117,8844942,8856972,8864525,8867949,8870827,8885525,8886025,8882190,7468,28671,16825,12030,7553,3424,2878,14698,500,-3835,26541,106677,104508,103457,103320,103115,102906,101676,100724,99501,17109,71062,69000,72453,70501,72547,71177,74783,75450,75723,9432,35615,35508,31004,32819,30568,31729,26893,25274,23778,6995,34119,27597,28443,29837,41051,38619,44396,26340,21284,-8741,-41078,-46100,-47391,-55253,-68366,-67547,-56601,-51151,-48946,-1746,-6959,-18503,-18948,-25416,-27315,-28928,-12205,-24811,-27662,-218,15,-180,-26,150,171,77,10,37,49,12.103431427,11.826815041,11.688792523,11.660414467,11.630074856,11.602378879,11.452352375,11.33542094,11.199886989,8.0626005988,7.8084954054,8.1858944745,7.9565513004,8.1823889887,8.0250181861,8.4232391879,8.4910995383,8.5234223021,4.0408308284,4.0183196356,3.5028980482,3.7038631669,3.4476858672,3.5773606928,3.0291131872,2.8443214013,2.6764646871,3.8710966456,3.1230586623,3.2135508059,3.3673227493,4.6300363954,4.3541899396,5.000576695,2.9642884273,2.3957386828,-4.660655588,-5.216980264,-5.35433626,-6.235703451,-7.710824784,-7.615745303,-6.375296007,-5.756504075,-5.509388535,-0.789558942,-2.093921601,-2.140785454,-2.868380702,-3.080788389,-3.261555363,-1.374719312,-2.792215648,-3.113649852
040,4,8,35,New Mexico,2059179,2059199,2064552,2080450,2087309,2092273,2089568,2089291,2091630,2091784,2092741,2096829,5353,15898,6859,4964,-2705,-277,2339,154,957,4088,6649,27795,27040,26723,26364,26054,25263,24131,23404,23125,3836,16369,16470,16792,17139,17633,18141,18527,18574,18388,2813,11426,10570,9931,9225,8421,7122,5604,4830,4737,387,3991,3650,5549,1780,3736,2437,2076,1437,1546,2069,493,-7247,-10583,-13779,-12431,-7165,-7499,-5244,-2136,2456,4484,-3597,-5034,-11999,-8695,-4728,-5423,-3807,-590,84,-12,-114,67,69,-3,-55,-27,-66,-59,13.411332492,12.975798265,12.787403142,12.608800765,12.469432446,12.084897084,11.536510611,11.185976903,11.039319071,7.8981867801,7.9035280111,8.0352532861,8.1968683171,8.4391457094,8.6779922414,8.8573590852,8.8774711586,8.7779891492,5.5131457114,5.0722702536,4.7521498561,4.4119324479,4.0302867362,3.4069048423,2.6791515255,2.3085057444,2.2613299217,1.9256926776,1.7515408161,2.6552894524,0.8512997027,1.7880478858,1.1657718479,0.9924908221,0.6868163053,0.7380232339,0.2378768454,-3.4776483,-5.064142778,-6.589920564,-5.949470896,-3.427474473,-3.585110152,-2.506377665,-1.01967505,2.163569523,-1.726107484,-2.408853326,-5.738620861,-4.16142301,-2.261702625,-2.59261933,-1.81956136,-0.281651816
040,1,2,36,New York,19378102,19378144,19399878,19499241,19572932,19624447,19651049,19654666,19633428,19589572,19530351,19453561,21734,99363,73691,51515,26602,3617,-21238,-43856,-59221,-76790,61427,243118,239915,239882,237017,239352,235832,231376,226993,222924,35112,149781,146882,152549,148838,153893,151605,155137,160899,164817,26315,93337,93033,87333,88179,85459,84227,76239,66094,58107,18839,86625,89588,77368,83963,83817,88346,67742,55959,45753,-22616,-80582,-108406,-112483,-145432,-165857,-194013,-187910,-181262,-180649,-3777,6043,-18818,-35115,-61469,-82040,-105667,-120168,-125303,-134896,-804,-17,-524,-703,-108,198,202,73,-12,-1,12.499923199,12.280606968,12.239695925,12.069459288,12.178992292,12.005265514,11.797975678,11.604981942,11.436717793,7.7009970329,7.5184966037,7.7836326761,7.5791786309,7.8305661149,7.7176052368,7.9105116896,8.2259364365,8.4556419068,4.7989261659,4.7621103643,4.4560632485,4.4902806574,4.3484261767,4.2876602769,3.887463988,3.3790455058,2.9810758859,4.4538283759,4.5857700313,3.9476108849,4.2755920893,4.2648759856,4.497342121,3.4541977921,2.8608952017,2.3472759737,-4.143127252,-5.549013105,-5.739312315,-7.405737155,-8.43933255,-9.876427194,-9.581623027,-9.266991655,-9.267874399,0.3107011241,-0.963243073,-1.79170143,-3.130145066,-4.174456564,-5.379085073,-6.127425235,-6.406096454,-6.920598425
040,3,5,37,North Carolina,9535483,9535751,9574323,9657592,9749476,9843336,9932887,10031646,10154788,10268233,10381615,10488084,38572,83269,91884,93860,89551,98759,123142,113445,113382,106469,29917,121068,119567,119394,120207,120836,120837,120151,120176,119203,18643,79974,79529,84358,83523,88466,89237,91775,93703,94312,11274,41094,40038,35036,36684,32370,31600,28376,26473,24891,4585,9732,21531,19092,17822,21249,20381,20173,14913,14184,20699,32249,29492,39022,34379,44759,70958,64697,71915,67338,25284,41981,51023,58114,52201,66008,91339,84870,86828,81522,2014,194,823,710,666,381,203,199,81,56,12.590321869,12.32200557,12.187530815,12.156719713,12.10506652,11.972099678,11.766231842,11.639407709,11.423547604,8.316800485,8.1958799753,8.6111171791,8.4468100911,8.8623159881,8.8412842011,8.9874069071,9.0754178917,9.0381753949,4.2735213836,4.1261255951,3.5764136358,3.7099096223,3.2427505317,3.1308154774,2.7788249349,2.5639898173,2.3853722088,1.012067701,2.2188823165,1.9488779865,1.8023664074,2.1286748856,2.0192769065,1.9755157672,1.4443689852,1.3592912864,3.3536961868,3.0393050614,3.9832975481,3.4768014095,4.4838514379,7.0302659697,6.3356934314,6.9651844411,6.4531836324,4.3657638878,5.2581873779,5.9321755346,5.2791678168,6.6125263236,9.0495428762,8.3112091987,8.4095534263,7.8124749188
040,2,4,38,North Dakota,672591,672576,674715,685225,701176,722036,737401,754066,754434,754942,758080,762062,2139,10510,15951,20860,15365,16665,368,508,3138,3982,2336,9211,9879,10261,10974,11406,11341,11140,10570,10536,1494,6045,5936,6223,6204,6323,6145,6377,6150,6250,842,3166,3943,4038,4770,5083,5196,4763,4420,4286,436,1070,1132,1094,783,2067,1436,2692,1063,951,817,6216,10456,15237,9492,9354,-6302,-6981,-2358,-1267,1253,7286,11588,16331,10275,11421,-4866,-4289,-1295,-316,44,58,420,491,320,161,38,34,13,12,13.546185861,14.251288047,14.419496182,15.038675873,15.295008203,15.036128605,14.761066825,13.972037419,13.861862905,8.8900980926,8.5631790514,8.7450077712,8.5019086127,8.4789003042,8.147166059,8.4498494742,8.1294257453,8.2229160171,4.6560877686,5.6881089959,5.6744884107,6.5367672603,6.8161078991,6.8889625456,6.3112173507,5.8426116739,5.6389468879,1.5735988352,1.6330051695,1.5373675882,1.0730165125,2.7717676623,1.9038780245,3.5670369742,1.405134889,1.2511989012,9.1415797756,15.083659057,21.412129746,13.00775573,12.543354965,-8.355319854,-9.250180207,-3.116940798,-1.666949535,10.715178611,16.716664226,22.949497334,14.080772243,15.315122628,-6.45144183,-5.683143233,-1.711805909,-0.415750634
040,2,3,39,Ohio,11536504,11536751,11539336,11544663,11548923,11576684,11602700,11617527,11634370,11659650,11676341,11689100,2585,5327,4260,27761,26016,14827,16843,25280,16691,12759,34801,137921,137689,139088,139559,139561,138667,136909,135947,134291,26542,110620,111343,114504,111902,118309,117570,122177,119884,117750,8259,27301,26346,24584,27657,21252,21097,14732,16063,16541,3321,14560,17404,23979,20703,24447,24174,19217,13237,9553,-8632,-36491,-39094,-20099,-21352,-30255,-28077,-8334,-12281,-12916,-5311,-21931,-21690,3880,-649,-5808,-3903,10883,956,-3363,-363,-43,-396,-703,-992,-617,-351,-335,-328,-419,11.949489341,11.924436508,12.02891669,12.041648734,12.020640453,11.927370915,11.754862407,11.65127292,11.494839751,9.5841279494,9.6427640125,9.9027887138,9.6553040409,10.190167392,10.112723276,10.489988418,10.274601152,10.078988023,2.3653613917,2.2816724956,2.1261279758,2.3863446932,1.8304730613,1.8146476393,1.2648739891,1.3766717685,1.4158517273,1.2614798675,1.5072583357,2.0738050249,1.786328748,2.1056641694,2.0793142168,1.6499513609,1.1344707838,0.8177033765,-3.161583918,-3.385701987,-1.738246265,-1.842326785,-2.605917677,-2.415028761,-0.715548454,-1.052537259,-1.10556441,-1.90010405,-1.878443651,0.3355587596,-0.055998037,-0.500253507,-0.335714544,0.9344029068,0.0819335249,-0.287861034
040,3,7,40,Oklahoma,3751351,3751582,3759944,3788379,3818814,3853214,3878187,3909500,3926331,3931316,3940235,3956971,8362,28435,30435,34400,24973,31313,16831,4985,8919,16736,13157,52572,52344,53335,53074,53525,52860,51467,49525,48759,7878,37762,36961,38598,38607,39730,39282,40329,40486,40266,5279,14810,15383,14737,14467,13795,13578,11138,9039,8493,1200,6613,6498,5587,6415,9257,7697,4399,4353,4484,1560,7030,8447,13841,4217,8317,-4358,-10504,-4408,3822,2760,13643,14945,19428,10632,17574,3339,-6105,-55,8306,323,-18,107,235,-126,-56,-86,-48,-65,-63,13.929451615,13.761712106,13.903755304,13.729465074,13.746058361,13.491868316,13.099850375,12.583288859,12.348417909,10.0054012,9.7173819568,10.062007073,9.9870644402,10.20328629,10.026249928,10.264905003,10.286663962,10.19753062,3.9240504149,4.0443301491,3.8417482314,3.7424006335,3.5427720708,3.4656183881,2.8349453723,2.2966248964,2.1508872885,1.7521772717,1.7083831053,1.4564597522,1.6594663761,2.3773425922,1.9645650857,1.1196736122,1.106008206,1.1355914991,1.8626653894,2.2207928733,3.6081724415,1.0908760262,2.135935869,-1.112326185,-2.673573908,-1.11998258,0.9679372679,3.6148426611,3.9291759786,5.0646321937,2.7503424024,4.5132784612,0.852238901,-1.553900296,-0.013974374,2.103528767
040,4,9,41,Oregon,3831074,3831079,3837491,3872036,3899001,3922468,3963244,4015792,4089976,4143625,4181886,4217737,6412,34545,26965,23467,40776,52548,74184,53649,38261,35851,11884,45393,44925,45007,45452,45668,45593,44711,43425,43305,7822,32496,32943,33418,33804,35388,35334,36831,36180,36563,4062,12897,11982,11589,11648,10280,10259,7880,7245,6742,1565,10227,4187,3178,6700,5094,12604,8026,3356,3295,995,11426,10910,8768,22278,36867,51117,37653,27663,25821,2560,21653,15097,11946,28978,41961,63721,45679,31019,29116,-210,-5,-114,-68,150,307,204,90,-3,-7,11.77581971,11.562163454,11.508579782,11.527684501,11.446996855,11.249520095,10.86061858,10.431792115,10.311177061,8.4300891611,8.4784051343,8.5451978394,8.5734807459,8.8702444756,8.7182361992,8.9465107673,8.6913584043,8.7058669181,3.3457305487,3.0837583195,2.9633819427,2.9542037548,2.5767523796,2.5312838956,1.9141078126,1.7404337103,1.6053101431,2.6530810515,1.0775910602,0.8126350689,1.6992758549,1.2768459749,3.1098842207,1.9495722467,0.8061967608,0.7845590213,2.964124777,2.8078620653,2.2420340731,5.650219029,9.2409659513,12.612500136,9.1461803894,6.6453578645,6.1481330769,5.6172058286,3.8854531255,3.0546691421,7.3494948839,10.517811926,15.722384356,11.095752636,7.4515546253,6.9326920982
040,1,2,42,Pennsylvania,12702379,12702868,12711160,12745815,12767118,12776309,12788313,12784826,12782275,12787641,12800922,12801989,8292,34655,21303,9191,12004,-3487,-2551,5366,13281,1067,36120,142973,142105,141793,142216,141920,140259,137982,136914,135190,30212,127718,125530,130935,126737,132748,129972,135741,134063,133439,5908,15255,16575,10858,15479,9172,10287,2241,2851,1751,5416,27287,25397,29379,34547,31806,37975,31046,31675,19532,-1674,-7522,-18975,-30128,-36614,-43668,-50422,-27406,-20731,-19588,3742,19765,6422,-749,-2067,-11862,-12447,3640,10944,-56,-1358,-365,-1694,-918,-1408,-797,-391,-515,-514,-628,11.232520753,11.139840331,11.102112493,11.126000611,11.099145866,10.971834468,10.792526655,10.701187089,10.560517904,10.034028002,9.8404993264,10.251952489,9.915030232,10.381830717,10.167128452,10.617242544,10.478353161,10.423736582,1.198492751,1.2993410048,0.850160004,1.2109703793,0.7173151485,0.8047060165,0.1752841112,0.2228339278,0.1367813215,2.1437739559,1.990911825,2.3003178078,2.7027194065,2.4874537303,2.9706144627,2.4283224083,2.4757154202,1.5257640039,-0.590957881,-1.487480879,-2.358963032,-2.864427254,-3.415145868,-3.944287622,-2.14361283,-1.620333272,-1.530138507,1.552816075,0.5034309462,-0.058645224,-0.161707848,-0.927692138,-0.973673159,0.2847095782,0.8553821487,-0.004374503
040,1,1,44,Rhode Island,1052567,1052964,1053959,1053649,1054621,1055081,1055936,1056065,1056770,1055673,1058287,1059361,995,-310,972,460,855,129,705,-1097,2614,1074,2878,10998,11005,10871,10731,10875,10901,10663,10691,10481,2329,9754,9319,9631,9697,10079,9831,10044,9939,9802,549,1244,1686,1240,1034,796,1070,619,752,679,1661,4455,4376,3799,3469,4509,4120,2226,4653,3645,-1168,-6018,-5043,-4539,-3539,-5129,-4458,-3912,-2769,-3215,493,-1563,-667,-740,-70,-620,-338,-1686,1884,430,-47,9,-47,-40,-109,-47,-27,-30,-22,-35,10.436475853,10.4398393,10.305720903,10.166663745,10.298290578,10.318837013,10.095420326,10.114666313,9.8987178228,9.2559906776,8.8404236649,9.130199431,9.1870411276,9.5445030566,9.3059798801,9.5093690102,9.4032053587,9.25744033,1.1804851756,1.5994156346,1.1755214718,0.9796226179,0.7537875219,1.0128571327,0.5860513159,0.7114609548,0.6412774928,4.2275413644,4.1512709473,3.601456509,3.2865675644,4.2698843419,3.8999732587,2.1075124867,4.4021646578,3.44249847,-5.710739378,-4.784017227,-4.302977387,-3.35288631,-4.857005276,-4.219922521,-3.703768575,-2.619727904,-3.036387539,-1.483198014,-0.63274628,-0.701520878,-0.066318746,-0.587120934,-0.319949262,-1.596256088,1.7824367538,0.4061109306
040,3,5,45,South Carolina,4625364,4625366,4635649,4671994,4717354,4764080,4823617,4891938,4957968,5021268,5084156,5148714,10283,36345,45360,46726,59537,68321,66030,63300,62888,64558,14171,57488,57527,56570,57287,58277,57755,56943,56793,56353,9658,42033,42073,44662,44538,46872,47256,48815,50428,50744,4513,15455,15454,11908,12749,11405,10499,8128,6365,5609,1167,2670,5837,5054,6234,7289,5165,5757,6067,5724,4483,18146,23594,29289,39825,49065,50199,49262,50330,53034,5650,20816,29431,34343,46059,56354,55364,55019,56397,58758,120,74,475,475,729,562,167,153,126,191,12.352858828,12.253672992,11.932794132,11.950106475,11.99663838,11.727015466,11.412296492,11.240102345,11.01411432,9.0319321444,8.9618576285,9.4209378033,9.290656557,9.6488569104,9.5952184721,9.7833140733,9.9803828122,9.9178431857,3.3209266836,3.2918153635,2.5118563289,2.659449918,2.34778147,2.1317969938,1.6289824191,1.2597195328,1.0962711341,0.5737220476,1.2433238176,1.0660834637,1.3004165651,1.5004804152,1.0487409728,1.1537957415,1.2007413049,1.1187477218,3.8991611518,5.0256950749,6.1781793767,8.3075216082,10.100297924,10.192787627,9.8729000897,9.9609872876,10.365420454,4.4728831993,6.2690188925,7.2442628404,9.6079381733,11.600778339,11.241528599,11.026695831,11.161728592,11.484168176
040,2,4,46,South Dakota,814180,814198,816166,823579,833566,842316,849129,853988,862996,872868,878698,884659,1968,7413,9987,8750,6813,4859,9008,9872,5830,5961,3028,11794,11897,12059,12439,12255,12314,12196,12028,11911,1929,7289,7415,7279,7159,7744,7750,8079,7381,7337,1099,4505,4482,4780,5280,4511,4564,4117,4647,4574,169,1237,2105,89,1066,1615,3232,3748,513,418,687,1674,3292,3788,385,-1228,1242,2011,665,964,856,2911,5397,3877,1451,387,4474,5759,1178,1382,13,-3,108,93,82,-39,-30,-4,5,5,14.385163547,14.358429709,14.391228022,14.708134169,14.39126026,14.343756261,14.051792076,13.73399575,13.509459514,8.8904067401,8.9491263589,8.6867691162,8.4649515651,9.093914276,9.0274574486,9.3083329109,8.4278868167,8.3216274413,5.4947568067,5.40930335,5.7044589058,6.2431826042,5.2973459839,5.3162988123,4.743459165,5.3061089334,5.1878320726,1.5087711809,2.5405139562,0.1062127286,1.2604607303,1.8965226699,3.7647409644,4.3183106511,0.5857615414,0.4740957163,2.0417808867,3.9730983106,4.5206046726,0.4552320649,-1.44206182,1.4467228582,2.3170017928,0.7593205166,1.0933690682,3.5505520675,6.5136122669,4.6268174012,1.7156927952,0.4544608503,5.2114638226,6.6353124438,1.345082058,1.5674647845
040,3,6,47,Tennessee,6346105,6346276,6355311,6399291,6453898,6494340,6541223,6591170,6646010,6708799,6771631,6829174,9035,43980,54607,40442,46883,49947,54840,62789,62832,57543,19678,78632,80318,80277,80458,81877,81248,80601,80946,80239,14302,60180,60650,63478,63582,66105,66653,69124,68970,67977,5376,18452,19668,16799,16876,15772,14595,11477,11976,12262,982,8537,7785,9782,7409,9924,7236,8632,9506,9293,2848,16968,26761,13438,22248,24156,32954,42619,41341,36009,3830,25505,34546,23220,29657,34080,40190,51251,50847,45302,-171,23,393,423,350,95,55,61,9,-21,12.329980975,12.497754448,12.3996794,12.344384358,12.469471482,12.275726401,12.070708012,12.009409195,11.799154535,9.4365939447,9.4373466383,9.8048861938,9.7551597886,10.06747209,10.070573944,10.351926411,10.232611274,9.9960259705,2.89338703,3.0604078101,2.5947932066,2.5892245697,2.4019993919,2.2051524569,1.7187816014,1.7767979211,1.8031285648,1.3386540795,1.211372524,1.5109391718,1.13673648,1.5113772486,1.0932842191,1.2927178517,1.4103407681,1.3665367601,2.6606867074,4.1641027764,2.0756492119,3.4134313953,3.6788420816,4.9790061025,6.3825697545,6.1334838725,5.2951277516,3.999340787,5.3754753003,3.5865883837,4.5501678754,5.1902193302,6.0722903217,7.6752876061,7.5438246406,6.6616645118
040,3,7,48,Texas,25145561,25146091,25241971,25645629,26084481,26480266,26964333,27470056,27914410,28295273,28628666,28995881,95880,403658,438852,395785,484067,505723,444354,380863,333393,367215,92768,381723,378089,384445,394346,402264,400965,391340,379544,378664,41027,168140,169177,178624,180737,187837,188794,194141,201799,202786,51741,213583,208912,205821,213609,214427,212171,197199,177745,175878,14860,69059,84959,79798,107045,117660,110866,98188,71278,65044,28097,120672,141740,107657,160260,172048,120910,84790,83795,125660,42957,189731,226699,187455,267305,289708,231776,182978,155073,190704,1182,344,3241,2509,3153,1588,407,686,575,633,15.002593952,14.617753568,14.627484082,14.757188093,14.779774602,14.479330721,13.9242913,13.335127775,13.142454725,6.6082896423,6.540755471,6.7963420427,6.7635272182,6.9014093278,6.8175794996,6.9077422123,7.090127758,7.0381811418,8.3943043099,8.0769980965,7.831142039,7.9936608749,7.8783652738,7.661751221,7.0165490882,6.2450000166,6.1042735833,2.7141779137,3.2847020816,3.0361793618,4.0058304114,4.3230025049,4.0035052428,3.4936329387,2.5043242352,2.2575101545,4.7426878061,5.4799806148,4.096167342,5.9972383739,6.3212981044,4.3662062211,3.0169179214,2.9441040614,4.3613358036,7.4568657197,8.7646826964,7.1323467038,10.003068785,10.644300609,8.3697114639,6.5105508601,5.4484282966,6.6188459581
040,4,8,49,Utah,2763885,2763891,2775332,2814384,2853375,2897640,2936879,2981835,3041868,3101042,3153550,3205958,11441,39052,38991,44265,39239,44956,60033,59174,52508,52408,13756,51932,50446,51854,50825,51013,50622,49761,48349,48642,3678,15008,15471,16264,16284,17269,17786,17861,17695,17443,10078,36924,34975,35590,34541,33744,32836,31900,30654,31199,930,2557,4891,3184,5166,3810,7304,8898,5758,5579,488,-387,-777,5596,-255,7609,19852,18329,16083,15588,1418,2170,4114,8780,4911,11419,27156,27227,21841,21167,-55,-42,-98,-105,-213,-207,41,47,13,42,18.581266025,17.801039176,18.032990698,17.422173105,17.237866199,16.80760157,16.201116409,15.460320993,15.2974098,5.3698613668,5.4593005807,5.6560450633,5.5819511428,5.8353892416,5.9053376304,5.8151592649,5.6582427759,5.485644487,13.211404658,12.341738595,12.376945635,11.840221962,11.402476957,10.90226394,10.385957144,9.8020782171,9.8117653127,0.914894424,1.725902601,1.1072828014,1.7708400641,1.2874418328,2.425086363,2.8969983282,1.8412072282,1.7545382442,-0.138468573,-0.274182441,1.9460912552,-0.087410805,2.5711666419,6.5912944247,5.9675300468,5.1427814956,4.9022660244,0.7764258506,1.4517201596,3.0533740566,1.6834292595,3.8586084747,9.0163807877,8.864528375,6.9839887238,6.6568042685
040,1,1,50,Vermont,625741,625737,625879,627049,626090,626210,625214,625216,623657,624344,624358,623989,142,1170,-959,120,-996,2,-1559,687,14,-369,1656,6055,6086,5980,6118,5972,5832,5775,5537,5581,1326,5436,5459,5561,5601,5912,5811,6021,5778,5634,330,619,627,419,517,60,21,-246,-241,-53,87,1156,212,316,286,2144,646,1817,454,383,-212,-594,-1756,-537,-1719,-2162,-2212,-854,-179,-682,-125,562,-1544,-221,-1433,-18,-1566,963,275,-299,-63,-11,-42,-78,-80,-40,-14,-30,-20,-17,9.6653598611,9.7132081916,9.5504272139,9.7776612883,9.5519141415,9.3396206019,9.2548002766,8.8684089559,8.9414241393,8.6772743526,8.712521117,8.8812584844,8.9514025622,9.4559471542,9.3059902808,9.6490307299,9.2544097791,9.0263364273,0.9880855085,1.0006870746,0.6691687295,0.8262587261,0.0959669874,0.0336303211,-0.394230453,-0.386000823,-0.084912288,1.8452776217,0.3383503346,0.5046714046,0.4570792953,3.4292203482,1.0345327347,2.9118566411,0.7271550778,0.6136114398,-0.948178986,-2.802562206,-0.857621976,-2.74727031,-3.458010444,-3.542393822,-1.368588647,-0.286697707,-1.092644914,0.8970986362,-2.464211871,-0.352950571,-2.290191014,-0.028790096,-2.507861088,1.5432679942,0.4404573709,-0.479033474
040,3,5,51,Virginia,8001024,8001049,8023699,8101155,8185080,8252427,8310993,8361808,8410106,8463587,8501286,8535519,22650,77456,83925,67347,58566,50815,48298,53481,37699,34233,25705,102349,102760,102510,102580,103234,102910,101430,99818,98403,14653,60458,60211,63454,62609,65247,65329,67950,68737,69729,11052,41891,42549,39056,39971,37987,37581,33480,31081,28674,5713,22423,36694,25291,34274,38051,35662,32574,15990,14869,5551,13026,4466,3113,-15987,-25367,-24979,-12473,-9317,-9136,11264,35449,41160,28404,18287,12684,10683,20101,6673,5733,334,116,216,-113,308,144,34,-100,-55,-174,12.694564552,12.619245639,12.472694308,12.386330842,12.383522121,12.271706139,12.02226448,11.76760946,11.551813852,7.4987345622,7.3940969168,7.7206354954,7.5599121437,7.826759283,7.7902855929,8.0539571272,8.1034499934,8.1856897464,5.1958299902,5.2251487222,4.7520588128,4.8264186986,4.5567628379,4.4814205463,3.9683073528,3.6641594664,3.366124106,2.7811724683,4.506136624,3.0772306287,4.1385172869,4.5644400122,4.2525856023,3.8609212577,1.8850715829,1.7455150775,1.6156425354,0.5484386047,0.3787678995,-1.930398432,-3.042920023,-2.978670174,-1.478395986,-1.098387238,-1.072501564,4.3968150037,5.0545752287,3.4559985282,2.2081188547,1.5215199894,1.2739154279,2.3825252717,0.7866843448,0.673013514
040,4,9,53,Washington,6724540,6724540,6742830,6826627,6897058,6963985,7054655,7163657,7294771,7423362,7523869,7614893,18290,83797,70431,66927,90670,109002,131114,128591,100507,91024,22246,86686,86714,87241,87387,88772,89751,89724,87338,87950,11850,49814,49426,51309,51278,53852,54708,56062,57709,58587,10396,36872,37288,35932,36109,34920,35043,33662,29629,29363,5863,19442,21495,18984,30216,32397,28294,30369,23609,24103,2318,27417,11981,12018,24456,41599,67523,64310,47153,37476,8181,46859,33476,31002,54672,73996,95817,94679,70762,61579,-287,66,-333,-7,-111,86,254,250,116,82,12.776635056,12.637130625,12.587941614,12.46725788,12.486995643,12.415042631,12.192307272,11.686177861,11.619179957,7.3420771369,7.2030216374,7.4033389839,7.3156882551,7.5750201571,7.567627684,7.6180857993,7.7216977512,7.7399988189,5.4345579193,5.4341089875,5.1846026306,5.1515696244,4.9119754863,4.8474149472,4.5742214722,3.9644801101,3.8791811378,2.8655531316,3.1325405676,2.7391878086,4.3108318639,4.5570810375,3.9138418091,4.1267462388,3.1589797468,3.1842762308,4.0409870491,1.7460324978,1.7340686412,3.4890688398,5.851468163,9.3402961926,8.7388801283,6.3092622306,4.9509992957,6.9065401806,4.8785730655,4.4732564497,7.7999007036,10.4085492,13.254138002,12.865626367,9.4682419774,8.1352755265
040,3,5,54,West Virginia,1852994,1853018,1854239,1856301,1856872,1853914,1849489,1842050,1831023,1817004,1804291,1792147,1221,2062,571,-2958,-4425,-7439,-11027,-14019,-12713,-12144,5100,20465,20667,20923,20574,20083,19411,18870,18251,17888,5228,21901,21494,22248,21655,22759,22459,23142,22822,22567,-128,-1436,-827,-1325,-1081,-2676,-3048,-4272,-4571,-4679,81,1857,882,625,992,1271,1099,400,-132,-349,1323,1670,656,-2157,-4288,-5981,-9053,-10134,-7987,-7073,1404,3527,1538,-1532,-3296,-4710,-7954,-9734,-8119,-7422,-55,-29,-140,-101,-48,-53,-25,-13,-23,-43,11.030739461,11.131719422,11.27685617,11.110862091,10.880556863,10.569351603,10.345318168,10.079819512,9.9476203955,11.804750791,11.577160558,11.990990588,11.694649489,12.330358693,12.228997355,12.687406097,12.604330771,12.549639393,-0.77401133,-0.445441136,-0.714134418,-0.583787398,-1.449801831,-1.659645752,-2.342087929,-2.524511259,-2.602018998,1.0009324788,0.4750653956,0.3368558575,0.5357234954,0.6886016916,0.5984090161,0.2192966225,-0.072902097,-0.194080921,0.9001385243,0.3533366207,-1.162556935,-2.315708012,-3.240382941,-4.929387464,-5.555879932,-4.411129168,-3.933336262,1.9010710031,0.8284020163,-0.825701078,-1.779984517,-2.551781249,-4.330978448,-5.336583309,-4.484031265,-4.127417183
040,2,3,55,Wisconsin,5686986,5687285,5690475,5705288,5719960,5736754,5751525,5760940,5772628,5790186,5807406,5822434,3190,14813,14672,16794,14771,9415,11688,17558,17220,15028,17554,67797,67659,66892,67061,67156,66803,65943,64194,63712,11770,48474,47862,50037,49334,51244,51341,52403,51254,50393,5784,19323,19797,16855,17727,15912,15462,13540,12940,13319,1151,3948,5692,7838,7604,8931,7770,7680,5296,3341,-3437,-8377,-10462,-7458,-10025,-15083,-11395,-3460,-871,-1438,-2286,-4429,-4770,380,-2421,-6152,-3625,4220,4425,1903,-308,-81,-355,-441,-535,-345,-149,-202,-145,-194,11.898632852,11.843769168,11.67734483,11.674681647,11.666658704,11.584099561,11.406047006,11.070229061,10.956642568,8.5073724331,8.3782864057,8.7349653662,8.5885797168,8.902350626,8.9028824385,9.0640565523,8.8387313504,8.6661553383,3.3912604185,3.4654827624,2.9423794641,3.0861019305,2.7643080782,2.6812171221,2.3419904532,2.2314977109,2.2904872294,0.6928891027,0.9963897501,1.3682806431,1.3237840063,1.5515356616,1.3473714292,1.3283963575,0.9132930353,0.5745564857,-1.470195545,-1.831382566,-1.301943995,-1.745257057,-2.620290268,-1.975971356,-0.598470234,-0.150203594,-0.24729489,-0.777306443,-0.834992816,0.0663366477,-0.421473051,-1.068754606,-0.628599927,0.7299261235,0.7630894413,0.327261596
040,4,8,56,Wyoming,563626,563775,564487,567299,576305,582122,582531,585613,584215,578931,577601,578759,712,2812,9006,5817,409,3082,-1398,-5284,-1330,1158,1994,7470,7436,7511,7714,7798,7581,7179,6714,6601,1289,4444,4381,4614,4527,4824,4790,4754,4732,4971,705,3026,3055,2897,3187,2974,2791,2425,1982,1630,171,-242,455,468,-262,720,402,605,516,538,-227,27,5274,2349,-2543,-599,-4603,-8353,-3827,-1012,-56,-215,5729,2817,-2805,121,-4201,-7748,-3311,-474,63,1,222,103,27,-13,12,39,-1,2,13.200375336,13.004501558,12.967584492,13.246864087,13.351093701,12.960879719,12.344108134,11.610573681,11.416859801,7.8530746979,7.6617430509,7.96597455,7.7739893342,8.2592557082,8.189238076,8.1743822358,8.1830852929,8.5976685461,5.3473006381,5.3427585073,5.0016099418,5.4728747533,5.0918379926,4.771641643,4.1697258986,3.4274883877,2.8191912553,-0.427642682,0.7957299905,0.807992217,-0.449919418,1.2327247326,0.6872805233,1.0402821314,0.8923229102,0.9305060708,0.0477122,9.2234724607,4.055499397,-4.366965955,-1.025558493,-7.869532957,-14.36277131,-6.618061584,-1.75031997,-0.379930482,10.019202451,4.8634916141,-4.816885373,0.2071662398,-7.182252434,-13.32248918,-5.725738674,-0.819813899
040,X,X,72,Puerto Rico,3725789,3726157,3721525,3678732,3634488,3593077,3534874,3473232,3406672,3325286,3193354,3193694,-4632,-42793,-44244,-41411,-58203,-61642,-66560,-81386,-131932,340,9603,41243,40282,37871,35717,32967,30109,26233,22148,21428,7138,30260,29742,29399,28831,29852,28391,29431,30681,28821,2465,10983,10540,8472,6886,3115,1718,-3198,-8533,-7393,-7097,-53776,-54784,-49883,-65089,-64757,-68278,-78188,-123399,7733,0,0,0,0,0,0,0,0,0,0,-7097,-53776,-54784,-49883,-65089,-64757,-68278,-78188,-123399,7733,0,0,0,0,0,0,0,0,0,0,11.146369646,11.016214472,10.47960136,10.02167383,9.4082481058,8.7527384103,7.793572093,6.7952824516,6.7098290165,8.1780943554,8.1337632397,8.1352433358,8.0895617829,8.5192775338,8.2533128369,8.7436671471,9.4133132064,9.0248264926,2.968275291,2.8824512322,2.3443580238,1.9321120473,0.8889705721,0.4994255734,-0.950095054,-2.618030755,-2.314997476,-14.53354931,-14.98218295,-13.80354241,-18.26303239,-18.48059947,-19.84853277,-23.22890309,-37.86035124,2.4214629356,0,0,0,0,0,0,0,0,0,-14.53354931,-14.98218295,-13.80354241,-18.26303239,-18.48059947,-19.84853277,-23.22890309,-37.86035124,2.4214629356
